name,rating,price,link
(refurbished) lenovo thinkpad 8th gen intel core i5 thin & light hd laptop (16 gb ddr4 ram/512 gb ssd/14 (35.6 cm) hd/windows 11/ms office/wifi/bluetooth 4.1/webcam/intel graphics),3.4,19999,/Refurbished-Lenovo-ThinkPad-Bluetooth-Graphics/dp/B0DMTPY8PJ/ref=sr_1_1?dib=eyJ2IjoiMSJ9.Vcy4G-iKwjj_dIkVENpIGKci5HEs4TxGt6OrzbeqhTYIJs9Wn6PD30OtA9bgGiI5qBLwZQw8ZxyYfBbXgAlalgQ0XmMCu0mbXFrzVyWOjtWMv9z51Vc3h5UuDI-uQpwjOPEvSzrvpacpODyYK4DUbrvDv4ETTJ3OjPXhbQwyVeYnCwnlyAh_5zrVl9Qml54jnWC7X6PwfWpD6iPKSkysHGOrZwwY3aWxICdkaYLo0Y8.Xur0EC5kvrJfweESHrcuysymAbBHWZ8ZhIu3sHaBHjs&dib_tag=se&keywords=laptop&qid=1738436306&sr=8-1&xpid=33P0v7PZbFYE1
"hp laptop 255 g9 (2024), amd ryzen 5 5625u hexa core - (8gb/512gb ssd/amd radeon graphics) thin and light business laptop/15.6"" (39.62cm)/silver/1.47 kg",4.2,29799,/HP-Laptop-255-G9-Ryzen/dp/B0DH8831VF/ref=sr_1_2?dib=eyJ2IjoiMSJ9.Vcy4G-iKwjj_dIkVENpIGKci5HEs4TxGt6OrzbeqhTYIJs9Wn6PD30OtA9bgGiI5qBLwZQw8ZxyYfBbXgAlalgQ0XmMCu0mbXFrzVyWOjtWMv9z51Vc3h5UuDI-uQpwjOPEvSzrvpacpODyYK4DUbrvDv4ETTJ3OjPXhbQwyVeYnCwnlyAh_5zrVl9Qml54jnWC7X6PwfWpD6iPKSkysHGOrZwwY3aWxICdkaYLo0Y8.Xur0EC5kvrJfweESHrcuysymAbBHWZ8ZhIu3sHaBHjs&dib_tag=se&keywords=laptop&qid=1738436306&sr=8-2&xpid=33P0v7PZbFYE1
"hp laptop 255 g9 amd ryzen 3 3250u dual core - (8gb/512gb ssd/amd radeon graphics) thin and light business laptop/15.6"" (39.62cm)/black/1.47 kg",3.2,25000,/HP-Laptop-255-G9-Ryzen/dp/B0DJCWBY7G/ref=sr_1_3?dib=eyJ2IjoiMSJ9.Vcy4G-iKwjj_dIkVENpIGKci5HEs4TxGt6OrzbeqhTYIJs9Wn6PD30OtA9bgGiI5qBLwZQw8ZxyYfBbXgAlalgQ0XmMCu0mbXFrzVyWOjtWMv9z51Vc3h5UuDI-uQpwjOPEvSzrvpacpODyYK4DUbrvDv4ETTJ3OjPXhbQwyVeYnCwnlyAh_5zrVl9Qml54jnWC7X6PwfWpD6iPKSkysHGOrZwwY3aWxICdkaYLo0Y8.Xur0EC5kvrJfweESHrcuysymAbBHWZ8ZhIu3sHaBHjs&dib_tag=se&keywords=laptop&qid=1738436306&sr=8-3&xpid=33P0v7PZbFYE1
"lenovo v14 g3 intel core i5 12th gen 1235u /16gb/512gb ssd/intel uhd graphics/windows 11/ thin and light business laptop/14.0"" fhd display/iron grey/1.57 kg",3.6,36750,/Lenovo-V14-G3-Graphics-Business/dp/B08HJWSGW6/ref=sr_1_4?dib=eyJ2IjoiMSJ9.Vcy4G-iKwjj_dIkVENpIGKci5HEs4TxGt6OrzbeqhTYIJs9Wn6PD30OtA9bgGiI5qBLwZQw8ZxyYfBbXgAlalgQ0XmMCu0mbXFrzVyWOjtWMv9z51Vc3h5UuDI-uQpwjOPEvSzrvpacpODyYK4DUbrvDv4ETTJ3OjPXhbQwyVeYnCwnlyAh_5zrVl9Qml54jnWC7X6PwfWpD6iPKSkysHGOrZwwY3aWxICdkaYLo0Y8.Xur0EC5kvrJfweESHrcuysymAbBHWZ8ZhIu3sHaBHjs&dib_tag=se&keywords=laptop&qid=1738436306&sr=8-4&xpid=33P0v7PZbFYE1
dell latitude 3440 intel core i3 12th gen 1215u - (8gb/512 gb ssd/intel uhd graphics) thin and light business laptop/14 hd display/grey/1.5 kg,3.6,32110,/DELL-Latitude-3440-Intel-1215U/dp/B0B8XFRNT8/ref=sr_1_5?dib=eyJ2IjoiMSJ9.Vcy4G-iKwjj_dIkVENpIGKci5HEs4TxGt6OrzbeqhTYIJs9Wn6PD30OtA9bgGiI5qBLwZQw8ZxyYfBbXgAlalgQ0XmMCu0mbXFrzVyWOjtWMv9z51Vc3h5UuDI-uQpwjOPEvSzrvpacpODyYK4DUbrvDv4ETTJ3OjPXhbQwyVeYnCwnlyAh_5zrVl9Qml54jnWC7X6PwfWpD6iPKSkysHGOrZwwY3aWxICdkaYLo0Y8.Xur0EC5kvrJfweESHrcuysymAbBHWZ8ZhIu3sHaBHjs&dib_tag=se&keywords=laptop&qid=1738436306&sr=8-5&xpid=33P0v7PZbFYE1
"lenovo ideapad slim 1 intel core celeron n4020 14"" hd thin and light laptop (8gb/512gb ssd/windows 11 home/office 21/1yr warranty/cloud grey/1.3kg), 82v6009lin",3.7,23990,/Lenovo-IdeaPad-Celeron-Warranty-82V6009LIN/dp/B0D6Z2H2HR/ref=sr_1_6?dib=eyJ2IjoiMSJ9.Vcy4G-iKwjj_dIkVENpIGKci5HEs4TxGt6OrzbeqhTYIJs9Wn6PD30OtA9bgGiI5qBLwZQw8ZxyYfBbXgAlalgQ0XmMCu0mbXFrzVyWOjtWMv9z51Vc3h5UuDI-uQpwjOPEvSzrvpacpODyYK4DUbrvDv4ETTJ3OjPXhbQwyVeYnCwnlyAh_5zrVl9Qml54jnWC7X6PwfWpD6iPKSkysHGOrZwwY3aWxICdkaYLo0Y8.Xur0EC5kvrJfweESHrcuysymAbBHWZ8ZhIu3sHaBHjs&dib_tag=se&keywords=laptop&qid=1738436306&sr=8-6&xpid=33P0v7PZbFYE1
"lenovo v14 g4 (2024), amd ryzen 3 7320u quad core - (8gb/512gb ssd/amd radeon graphics 610m/windows 11) thin and light business laptop/14 fhd display/silver/1.47 kg/ms office 2021",4,25500,/Lenovo-V14-Ryzen-7320U-Quad/dp/B0DKG7KLMN/ref=sr_1_7?dib=eyJ2IjoiMSJ9.Vcy4G-iKwjj_dIkVENpIGKci5HEs4TxGt6OrzbeqhTYIJs9Wn6PD30OtA9bgGiI5qBLwZQw8ZxyYfBbXgAlalgQ0XmMCu0mbXFrzVyWOjtWMv9z51Vc3h5UuDI-uQpwjOPEvSzrvpacpODyYK4DUbrvDv4ETTJ3OjPXhbQwyVeYnCwnlyAh_5zrVl9Qml54jnWC7X6PwfWpD6iPKSkysHGOrZwwY3aWxICdkaYLo0Y8.Xur0EC5kvrJfweESHrcuysymAbBHWZ8ZhIu3sHaBHjs&dib_tag=se&keywords=laptop&qid=1738436306&sr=8-7&xpid=33P0v7PZbFYE1
"lenovo v15 amd ryzen 7 7730u 15.6"" (39.62cm) fhd 250 nits antiglare thin and light laptop (16gb/512gb ssd/windows 11/iron grey/1.65 kg) grey",4.2,39899,/Lenovo-Ryzen-39-62cm-Antiglare-Laptop/dp/B0D39BVJ7Y/ref=sr_1_8?dib=eyJ2IjoiMSJ9.Vcy4G-iKwjj_dIkVENpIGKci5HEs4TxGt6OrzbeqhTYIJs9Wn6PD30OtA9bgGiI5qBLwZQw8ZxyYfBbXgAlalgQ0XmMCu0mbXFrzVyWOjtWMv9z51Vc3h5UuDI-uQpwjOPEvSzrvpacpODyYK4DUbrvDv4ETTJ3OjPXhbQwyVeYnCwnlyAh_5zrVl9Qml54jnWC7X6PwfWpD6iPKSkysHGOrZwwY3aWxICdkaYLo0Y8.Xur0EC5kvrJfweESHrcuysymAbBHWZ8ZhIu3sHaBHjs&dib_tag=se&keywords=laptop&qid=1738436306&sr=8-8&xpid=33P0v7PZbFYE1
"(refurbished) lenovo thinkpad laptop t480 intel core i7 8th generation - 8550u processor 16 gb ram & 512 gb ssd, 14 inches notebook computer",2.9,17819,/Refurbished-Lenovo-Thinkpad-Laptop-Generation/dp/B0CXXBW47R/ref=sr_1_9?dib=eyJ2IjoiMSJ9.Vcy4G-iKwjj_dIkVENpIGKci5HEs4TxGt6OrzbeqhTYIJs9Wn6PD30OtA9bgGiI5qBLwZQw8ZxyYfBbXgAlalgQ0XmMCu0mbXFrzVyWOjtWMv9z51Vc3h5UuDI-uQpwjOPEvSzrvpacpODyYK4DUbrvDv4ETTJ3OjPXhbQwyVeYnCwnlyAh_5zrVl9Qml54jnWC7X6PwfWpD6iPKSkysHGOrZwwY3aWxICdkaYLo0Y8.Xur0EC5kvrJfweESHrcuysymAbBHWZ8ZhIu3sHaBHjs&dib_tag=se&keywords=laptop&qid=1738436306&sr=8-9&xpid=33P0v7PZbFYE1
"hp 15, 13th gen intel core i5-1334u, 16gb ddr4, 512gb ssd, (win 11, office 21, silver, 1.59kg), anti-glare, 15.6-inch(39.6cm) fhd laptop, iris xe graphics, fhd camera, backlit kb, fd0316tu/fd0315tu",3.8,55990,/HP-i5-1334U-Anti-glare-15-6-inch-Graphics/dp/B0D4LWYWF9/ref=sr_1_10?dib=eyJ2IjoiMSJ9.Vcy4G-iKwjj_dIkVENpIGKci5HEs4TxGt6OrzbeqhTYIJs9Wn6PD30OtA9bgGiI5qBLwZQw8ZxyYfBbXgAlalgQ0XmMCu0mbXFrzVyWOjtWMv9z51Vc3h5UuDI-uQpwjOPEvSzrvpacpODyYK4DUbrvDv4ETTJ3OjPXhbQwyVeYnCwnlyAh_5zrVl9Qml54jnWC7X6PwfWpD6iPKSkysHGOrZwwY3aWxICdkaYLo0Y8.Xur0EC5kvrJfweESHrcuysymAbBHWZ8ZhIu3sHaBHjs&dib_tag=se&keywords=laptop&qid=1738436306&sr=8-10&xpid=33P0v7PZbFYE1
"dell inspiron 3535, windows 11 home, amd ryzen 3 7320u processor, (8gb ram/512gb ssd/window 11/ms office' 21/15.6""(39.62 cm) fhd display/15 month mcafee/carbon black/1.67kg thin & light laptop",4,29990,/Dell-Inspiron-3535-Windows-Processor/dp/B0DG5CY2Y2/ref=sr_1_11?dib=eyJ2IjoiMSJ9.Vcy4G-iKwjj_dIkVENpIGKci5HEs4TxGt6OrzbeqhTYIJs9Wn6PD30OtA9bgGiI5qBLwZQw8ZxyYfBbXgAlalgQ0XmMCu0mbXFrzVyWOjtWMv9z51Vc3h5UuDI-uQpwjOPEvSzrvpacpODyYK4DUbrvDv4ETTJ3OjPXhbQwyVeYnCwnlyAh_5zrVl9Qml54jnWC7X6PwfWpD6iPKSkysHGOrZwwY3aWxICdkaYLo0Y8.Xur0EC5kvrJfweESHrcuysymAbBHWZ8ZhIu3sHaBHjs&dib_tag=se&keywords=laptop&qid=1738436306&sr=8-11&xpid=33P0v7PZbFYE1
"(refurbished) acer travelmate p249 7th gen intel core i3 thin & light hd laptop (8 gb ram|500 gb hdd|14"" (35.6 cm) hd|windows 11|ms office|wifi|bluetooth|webcam|intel graphics)",0,0,/Refurbished-Acer-Travelmate-Bluetooth-Graphics/dp/B0DV5KM21S/ref=sr_1_12?dib=eyJ2IjoiMSJ9.Vcy4G-iKwjj_dIkVENpIGKci5HEs4TxGt6OrzbeqhTYIJs9Wn6PD30OtA9bgGiI5qBLwZQw8ZxyYfBbXgAlalgQ0XmMCu0mbXFrzVyWOjtWMv9z51Vc3h5UuDI-uQpwjOPEvSzrvpacpODyYK4DUbrvDv4ETTJ3OjPXhbQwyVeYnCwnlyAh_5zrVl9Qml54jnWC7X6PwfWpD6iPKSkysHGOrZwwY3aWxICdkaYLo0Y8.Xur0EC5kvrJfweESHrcuysymAbBHWZ8ZhIu3sHaBHjs&dib_tag=se&keywords=laptop&qid=1738436306&sr=8-12&xpid=33P0v7PZbFYE1
"hp 15s, 12th gen intel core i3-1215u, 8gb ddr4, 512gb ssd, (win 11, office 21, silver, 1.69kg) anti-glare, micro-edge, 15.6-inch(39.6cm) fhd laptop, intel uhd graphics, hd camera, backlit kb, fq5327tu",4,37374,/HP-i3-1215U-15-6-inch-Graphics-Speakers/dp/B0BP2M7CCS/ref=sr_1_13?dib=eyJ2IjoiMSJ9.Vcy4G-iKwjj_dIkVENpIGKci5HEs4TxGt6OrzbeqhTYIJs9Wn6PD30OtA9bgGiI5qBLwZQw8ZxyYfBbXgAlalgQ0XmMCu0mbXFrzVyWOjtWMv9z51Vc3h5UuDI-uQpwjOPEvSzrvpacpODyYK4DUbrvDv4ETTJ3OjPXhbQwyVeYnCwnlyAh_5zrVl9Qml54jnWC7X6PwfWpD6iPKSkysHGOrZwwY3aWxICdkaYLo0Y8.Xur0EC5kvrJfweESHrcuysymAbBHWZ8ZhIu3sHaBHjs&dib_tag=se&keywords=laptop&qid=1738436306&sr=8-13&xpid=33P0v7PZbFYE1
"asus vivobook 15 (2022), intel®coreTM i3-1215u 12th gen, 15.6"" (39.62 cm) fhd, thin and light laptop (8gb/512 ssd//windows 11/office 2021/backlit kb/cool silver/1.7 kg), x1504za-nj322ws",4.4,32875,/ASUS-Vivobook-Intel%C2%AECoreTM-i3-1215U-15-6-inch/dp/B0CCKPTMYX/ref=sr_1_14?dib=eyJ2IjoiMSJ9.Vcy4G-iKwjj_dIkVENpIGKci5HEs4TxGt6OrzbeqhTYIJs9Wn6PD30OtA9bgGiI5qBLwZQw8ZxyYfBbXgAlalgQ0XmMCu0mbXFrzVyWOjtWMv9z51Vc3h5UuDI-uQpwjOPEvSzrvpacpODyYK4DUbrvDv4ETTJ3OjPXhbQwyVeYnCwnlyAh_5zrVl9Qml54jnWC7X6PwfWpD6iPKSkysHGOrZwwY3aWxICdkaYLo0Y8.Xur0EC5kvrJfweESHrcuysymAbBHWZ8ZhIu3sHaBHjs&dib_tag=se&keywords=laptop&qid=1738436306&sr=8-14&xpid=33P0v7PZbFYE1
"(refurbished) hp elitebook 820 g4 7th gen intel core i5 thin & light hd laptop (8 gb ddr4 ram|256 gb ssd|12.5"" (31.8 cm) hd|windows 11|ms office|wifi|webcam|intel hd graphics)",3.9,17499,/Refurbished-HP-EliteBook-Windows-Graphics/dp/B0DKT4SRBV/ref=sr_1_15?dib=eyJ2IjoiMSJ9.Vcy4G-iKwjj_dIkVENpIGKci5HEs4TxGt6OrzbeqhTYIJs9Wn6PD30OtA9bgGiI5qBLwZQw8ZxyYfBbXgAlalgQ0XmMCu0mbXFrzVyWOjtWMv9z51Vc3h5UuDI-uQpwjOPEvSzrvpacpODyYK4DUbrvDv4ETTJ3OjPXhbQwyVeYnCwnlyAh_5zrVl9Qml54jnWC7X6PwfWpD6iPKSkysHGOrZwwY3aWxICdkaYLo0Y8.Xur0EC5kvrJfweESHrcuysymAbBHWZ8ZhIu3sHaBHjs&dib_tag=se&keywords=laptop&qid=1738436306&sr=8-15&xpid=33P0v7PZbFYE1
"asus vivobook 15, 15.6"" fhd (1920 x 1080), intel core i3-1215u processor 1.2 ghz, thin & light laptop(16gb ram/512gb ssd/integrated graphics/windows 11/office home/cool silver/1.7 kg), x1504za-nj342ws",4,37990,/ASUS-Vivobook-Processor-Integrated-X1504ZA-NJ342WS/dp/B09KBC64HS/ref=sr_1_16?dib=eyJ2IjoiMSJ9.Vcy4G-iKwjj_dIkVENpIGKci5HEs4TxGt6OrzbeqhTYIJs9Wn6PD30OtA9bgGiI5qBLwZQw8ZxyYfBbXgAlalgQ0XmMCu0mbXFrzVyWOjtWMv9z51Vc3h5UuDI-uQpwjOPEvSzrvpacpODyYK4DUbrvDv4ETTJ3OjPXhbQwyVeYnCwnlyAh_5zrVl9Qml54jnWC7X6PwfWpD6iPKSkysHGOrZwwY3aWxICdkaYLo0Y8.Xur0EC5kvrJfweESHrcuysymAbBHWZ8ZhIu3sHaBHjs&dib_tag=se&keywords=laptop&qid=1738436306&sr=8-16&xpid=33P0v7PZbFYE1
"asus tuf gaming a15, amd ryzen 7 7435hs, 15.6-inch, fhd 144hz, gaming laptop (16gb ram/512gb ssd/nvidia geforce rtx 3050/windows 11/48whr/graphite black/2.3 kg), fa506ncr-hn054w",4,60990,/ASUS-15-6-inch-GeForce-Graphite-FA506NCR-HN054W/dp/B0D5DFR78J/ref=sr_1_33?dib=eyJ2IjoiMSJ9.TIJf1YoXsTCcegc4DFC-O6uC0bAXlMTgMx_JrJ3QWZVu1ruUeGngaD5HO3SqcsazgrgLk9QIPQFvnxj-euxWIlm_FCfhIrpkPDWQOG2c09JbR0xjPUbXGl43DPUdYHN_qnioM_2kDHpXv_W8TvHylSol64hSpb2V7Iy5cr3bQkvI83mvt7CYg3sYX_4mtY8Vp5vr4_zYhTnhDCBg46QTIzzdVnF9tuas1XKvhdJU6xc.v8OHEWP4NzwWL6VBvXa1q8_SG4uYe-e64MTd0mUQ1oA&dib_tag=se&keywords=laptop&qid=1738436339&sr=8-33&xpid=33P0v7PZbFYE1
"walker thin & light laptop,14.1""(4gb ram,128gb ssd)| fhd ips display 1920 * 1080 resolution | celeron processor n4020 (gemini lake)| uhd graphics 600|webcam | windows 11 home | champagne gold",3.6,12990,/Walker-Notebook-Laptop-PC-Model/dp/B0CGX5B5TZ/ref=sr_1_34?dib=eyJ2IjoiMSJ9.TIJf1YoXsTCcegc4DFC-O6uC0bAXlMTgMx_JrJ3QWZVu1ruUeGngaD5HO3SqcsazgrgLk9QIPQFvnxj-euxWIlm_FCfhIrpkPDWQOG2c09JbR0xjPUbXGl43DPUdYHN_qnioM_2kDHpXv_W8TvHylSol64hSpb2V7Iy5cr3bQkvI83mvt7CYg3sYX_4mtY8Vp5vr4_zYhTnhDCBg46QTIzzdVnF9tuas1XKvhdJU6xc.v8OHEWP4NzwWL6VBvXa1q8_SG4uYe-e64MTd0mUQ1oA&dib_tag=se&keywords=laptop&qid=1738436339&sr=8-34&xpid=33P0v7PZbFYE1
"hp 15, 13th gen intel core i3-1315u, 8gb ddr4, 512gb ssd, (win 11, office 21, grey, 1.59kg), anti-glare, micro-edge,15.6-inch(39.6cm), fhd laptop, intel uhd graphics, 1080p fhd camera, fd0006tu",4.1,39990,/HP-i3-1315U-Anti-Glare-Micro-Edge-15-6-inch/dp/B0C3RF3HT3/ref=sr_1_35?dib=eyJ2IjoiMSJ9.TIJf1YoXsTCcegc4DFC-O6uC0bAXlMTgMx_JrJ3QWZVu1ruUeGngaD5HO3SqcsazgrgLk9QIPQFvnxj-euxWIlm_FCfhIrpkPDWQOG2c09JbR0xjPUbXGl43DPUdYHN_qnioM_2kDHpXv_W8TvHylSol64hSpb2V7Iy5cr3bQkvI83mvt7CYg3sYX_4mtY8Vp5vr4_zYhTnhDCBg46QTIzzdVnF9tuas1XKvhdJU6xc.v8OHEWP4NzwWL6VBvXa1q8_SG4uYe-e64MTd0mUQ1oA&dib_tag=se&keywords=laptop&qid=1738436339&sr=8-35&xpid=33P0v7PZbFYE1
"acer [smartchoice aspire lite amd ryzen 3 5300u premium thin and light laptop (windows 11 home/8 gb ram/512 gb ssd) al15-41 with 39.62 cm (15.6"") full hd display, metal body, steel gray, 1.6 kg",3.9,29990,/Acer-Smartchoice-Premium-Windows-AL15-41/dp/B0CWTSF1TK/ref=sr_1_37?dib=eyJ2IjoiMSJ9.TIJf1YoXsTCcegc4DFC-O6uC0bAXlMTgMx_JrJ3QWZVu1ruUeGngaD5HO3SqcsazgrgLk9QIPQFvnxj-euxWIlm_FCfhIrpkPDWQOG2c09JbR0xjPUbXGl43DPUdYHN_qnioM_2kDHpXv_W8TvHylSol64hSpb2V7Iy5cr3bQkvI83mvt7CYg3sYX_4mtY8Vp5vr4_zYhTnhDCBg46QTIzzdVnF9tuas1XKvhdJU6xc.v8OHEWP4NzwWL6VBvXa1q8_SG4uYe-e64MTd0mUQ1oA&dib_tag=se&keywords=laptop&qid=1738436339&sr=8-37&xpid=33P0v7PZbFYE1
"acer one 14 business laptop amd ryzen 3 3250u processor (8gb ram/256gb ssd/amd radeon graphics/windows 11 home) z2-493 with 35.56 cm (14.0"") hd display",3.7,23940,/Acer-Business-Processor-Graphics-Z2-493/dp/B0B42QJMJP/ref=sr_1_38?dib=eyJ2IjoiMSJ9.TIJf1YoXsTCcegc4DFC-O6uC0bAXlMTgMx_JrJ3QWZVu1ruUeGngaD5HO3SqcsazgrgLk9QIPQFvnxj-euxWIlm_FCfhIrpkPDWQOG2c09JbR0xjPUbXGl43DPUdYHN_qnioM_2kDHpXv_W8TvHylSol64hSpb2V7Iy5cr3bQkvI83mvt7CYg3sYX_4mtY8Vp5vr4_zYhTnhDCBg46QTIzzdVnF9tuas1XKvhdJU6xc.v8OHEWP4NzwWL6VBvXa1q8_SG4uYe-e64MTd0mUQ1oA&dib_tag=se&keywords=laptop&qid=1738436339&sr=8-38&xpid=33P0v7PZbFYE1
"hp omen gaming laptop, amd ryzen 9 7940hs ai-powered, 8gb rtx 4070 gpu, 16.1-inch (40.9 cm), fhd, ips, 165hz, 300 nits, 16gb ddr5, 1tb ssd, rgb backlit kb, b&o (black, 2.38 kg), xf0100ax",3.1,139990,/HP-AI-Powered-16-1-inch-Backlit-xf0100AX/dp/B0D1BT9SXF/ref=sr_1_41?dib=eyJ2IjoiMSJ9.TIJf1YoXsTCcegc4DFC-O6uC0bAXlMTgMx_JrJ3QWZVu1ruUeGngaD5HO3SqcsazgrgLk9QIPQFvnxj-euxWIlm_FCfhIrpkPDWQOG2c09JbR0xjPUbXGl43DPUdYHN_qnioM_2kDHpXv_W8TvHylSol64hSpb2V7Iy5cr3bQkvI83mvt7CYg3sYX_4mtY8Vp5vr4_zYhTnhDCBg46QTIzzdVnF9tuas1XKvhdJU6xc.v8OHEWP4NzwWL6VBvXa1q8_SG4uYe-e64MTd0mUQ1oA&dib_tag=se&keywords=laptop&qid=1738436339&sr=8-41&xpid=33P0v7PZbFYE1
"lenovo v15 g4 2024 smart laptop, amd ryzen 5 7520u 15.6 inch fhd display, amd graphics, 8 gb ddr5 5500mhz ram, 512gb ssd nvme, windows 11, ms-office, dolby audio, arctic grey, 1 year warranty",3.6,31980,/Lenovo-Graphics-LPDDR5-5500-11-MS-Office-Warranty/dp/B08BV4VMH9/ref=sr_1_42?dib=eyJ2IjoiMSJ9.TIJf1YoXsTCcegc4DFC-O6uC0bAXlMTgMx_JrJ3QWZVu1ruUeGngaD5HO3SqcsazgrgLk9QIPQFvnxj-euxWIlm_FCfhIrpkPDWQOG2c09JbR0xjPUbXGl43DPUdYHN_qnioM_2kDHpXv_W8TvHylSol64hSpb2V7Iy5cr3bQkvI83mvt7CYg3sYX_4mtY8Vp5vr4_zYhTnhDCBg46QTIzzdVnF9tuas1XKvhdJU6xc.v8OHEWP4NzwWL6VBvXa1q8_SG4uYe-e64MTd0mUQ1oA&dib_tag=se&keywords=laptop&qid=1738436339&sr=8-42&xpid=33P0v7PZbFYE1
"lenovo ideapad slim 3 amd ryzenTM 5 7520u 14"" fhd (1920x1080) anti-glare thin and light laptop (8 gb/512gb sdd/windows 11 home/1yr warranty/arctic grey/1.37kg), 82xn006tin",4.5,36990,/Lenovo-1920x1080-Anti-Glare-Warranty-82XN006TIN/dp/B0DR9663P7/ref=sr_1_43?dib=eyJ2IjoiMSJ9.TIJf1YoXsTCcegc4DFC-O6uC0bAXlMTgMx_JrJ3QWZVu1ruUeGngaD5HO3SqcsazgrgLk9QIPQFvnxj-euxWIlm_FCfhIrpkPDWQOG2c09JbR0xjPUbXGl43DPUdYHN_qnioM_2kDHpXv_W8TvHylSol64hSpb2V7Iy5cr3bQkvI83mvt7CYg3sYX_4mtY8Vp5vr4_zYhTnhDCBg46QTIzzdVnF9tuas1XKvhdJU6xc.v8OHEWP4NzwWL6VBvXa1q8_SG4uYe-e64MTd0mUQ1oA&dib_tag=se&keywords=laptop&qid=1738436339&sr=8-43&xpid=33P0v7PZbFYE1
"asus vivobook go 15 (oled) 2023, amd ryzen 5 7520u, 15.6""(39.62 cm) fhd oled, thin & light laptop (16gb/512gb ssd/windows 11/office 2021/alexa built-in/backlit kb/green grey/1.63 kg), e1504fa-lk543ws",4.2,48990,/ASUS-Vivobook-Windows-Backlit-E1504FA-LK543WS/dp/B0BTWDLRBQ/ref=sr_1_44?dib=eyJ2IjoiMSJ9.TIJf1YoXsTCcegc4DFC-O6uC0bAXlMTgMx_JrJ3QWZVu1ruUeGngaD5HO3SqcsazgrgLk9QIPQFvnxj-euxWIlm_FCfhIrpkPDWQOG2c09JbR0xjPUbXGl43DPUdYHN_qnioM_2kDHpXv_W8TvHylSol64hSpb2V7Iy5cr3bQkvI83mvt7CYg3sYX_4mtY8Vp5vr4_zYhTnhDCBg46QTIzzdVnF9tuas1XKvhdJU6xc.v8OHEWP4NzwWL6VBvXa1q8_SG4uYe-e64MTd0mUQ1oA&dib_tag=se&keywords=laptop&qid=1738436339&sr=8-44&xpid=33P0v7PZbFYE1
"acer aspire 3 laptop intel core celeron n4500 processor laptop (8 gb lpddr4x sdram/512 gb ssd/win11 home/38 whr/hd webcam) a324-45 with 35.56 cm (14"") hd display, pure silver, 1.3 kg",3.3,0,/Acer-Celeron-Processor-LPDDR4X-A324-45/dp/B0D7PSTHRD/ref=sr_1_48?dib=eyJ2IjoiMSJ9.TIJf1YoXsTCcegc4DFC-O6uC0bAXlMTgMx_JrJ3QWZVu1ruUeGngaD5HO3SqcsazgrgLk9QIPQFvnxj-euxWIlm_FCfhIrpkPDWQOG2c09JbR0xjPUbXGl43DPUdYHN_qnioM_2kDHpXv_W8TvHylSol64hSpb2V7Iy5cr3bQkvI83mvt7CYg3sYX_4mtY8Vp5vr4_zYhTnhDCBg46QTIzzdVnF9tuas1XKvhdJU6xc.v8OHEWP4NzwWL6VBvXa1q8_SG4uYe-e64MTd0mUQ1oA&dib_tag=se&keywords=laptop&qid=1738436339&sr=8-48&xpid=33P0v7PZbFYE1
"acer aspire 3 laptop intel core celeron n4500 processor laptop (8 gb lpddr4x sdram/512 gb ssd/win11 home/38 whr/hd webcam) a325-45 with 39.63 cm (15.6"") hd display, pure silver, 1.5 kg",3.3,23990,/Acer-Celeron-Processor-LPDDR4X-A325-45/dp/B0D7PYTTGH/ref=sr_1_17?dib=eyJ2IjoiMSJ9.7H9MG1nQdTesZk8hdG075WR5QkIKpeZWSMnNVWJCa3S2sWMEMsdWDBwmOLNXmssIZZh1eXE1tP5xZBEKDCYddipU4EA6v6TYkeNjr6yPnC_8MfcIChfDY-uOLJKVWhXH2DDfhUf8nDTLYR2SICl5maoQWWIskxM_EfKOVvIhtF5x3WYlWFqqwuYGRkgVdGKE9UUfVzh9TJ16zSOS45r9W2J2lp0LxWiwcSDYsDly8jM.XLfraTBRanLY66-_5XQ_4vh7h2IfJB7lG7rAZjpjD-A&dib_tag=se&keywords=laptop&qid=1738436376&sr=8-17&xpid=33P0v7PZbFYE1
"lenovo v15 g4 (2024), amd ryzen 5 7520u quad core - (8gb/512gb ssd/amd radeon graphics/windows 11 home) business laptop/15.6"" fhd display/arctic grey/1.57 kg/ms office",4.6,31980,/Lenovo-V15-Ryzen-7520U-Quad/dp/B0DKY4SLTR/ref=sr_1_18?dib=eyJ2IjoiMSJ9.7H9MG1nQdTesZk8hdG075WR5QkIKpeZWSMnNVWJCa3S2sWMEMsdWDBwmOLNXmssIZZh1eXE1tP5xZBEKDCYddipU4EA6v6TYkeNjr6yPnC_8MfcIChfDY-uOLJKVWhXH2DDfhUf8nDTLYR2SICl5maoQWWIskxM_EfKOVvIhtF5x3WYlWFqqwuYGRkgVdGKE9UUfVzh9TJ16zSOS45r9W2J2lp0LxWiwcSDYsDly8jM.XLfraTBRanLY66-_5XQ_4vh7h2IfJB7lG7rAZjpjD-A&dib_tag=se&keywords=laptop&qid=1738436376&sr=8-18&xpid=33P0v7PZbFYE1
"hp victus, amd ryzen 5 5600h, nvidia rtx 3050, 16gb ddr4, 512gb ssd (win11, office21, blue, 2.37kg) 144hz, 9ms, ips, 15.6-inch(39.6cm) gaming laptop, backlit kb, enhanced cooling, fb0106ax/fb0112ax",4.1,57990,/HP-GeForce-Graphics-Response-15-fb0106AX/dp/B0BWS9YNCX/ref=sr_1_19?dib=eyJ2IjoiMSJ9.7H9MG1nQdTesZk8hdG075WR5QkIKpeZWSMnNVWJCa3S2sWMEMsdWDBwmOLNXmssIZZh1eXE1tP5xZBEKDCYddipU4EA6v6TYkeNjr6yPnC_8MfcIChfDY-uOLJKVWhXH2DDfhUf8nDTLYR2SICl5maoQWWIskxM_EfKOVvIhtF5x3WYlWFqqwuYGRkgVdGKE9UUfVzh9TJ16zSOS45r9W2J2lp0LxWiwcSDYsDly8jM.XLfraTBRanLY66-_5XQ_4vh7h2IfJB7lG7rAZjpjD-A&dib_tag=se&keywords=laptop&qid=1738436376&sr=8-19&xpid=33P0v7PZbFYE1
"lenovo loq 2024 amd ryzen 7 7435hs | nvidia rtx 4060 8gb (24gb ram/512gb ssd/15.6"" (39.6cm)/windows 11/office home 2024/100% srgb/3 mon. game pass/grey/2.4kg), 83jc00ehin gaming laptop",4.1,91490,/Lenovo-7435HS-NVIDIA-Windows-83JC00EHIN/dp/B0DPQJZ3JR/ref=sr_1_20?dib=eyJ2IjoiMSJ9.7H9MG1nQdTesZk8hdG075WR5QkIKpeZWSMnNVWJCa3S2sWMEMsdWDBwmOLNXmssIZZh1eXE1tP5xZBEKDCYddipU4EA6v6TYkeNjr6yPnC_8MfcIChfDY-uOLJKVWhXH2DDfhUf8nDTLYR2SICl5maoQWWIskxM_EfKOVvIhtF5x3WYlWFqqwuYGRkgVdGKE9UUfVzh9TJ16zSOS45r9W2J2lp0LxWiwcSDYsDly8jM.XLfraTBRanLY66-_5XQ_4vh7h2IfJB7lG7rAZjpjD-A&dib_tag=se&keywords=laptop&qid=1738436376&sr=8-20&xpid=33P0v7PZbFYE1
"asus vivobook go 14, thin and light laptop, amd ryzen 3 7320u, 14"" (35.56 cm) fhd, (8 gb ram/512gb ssd/windows 11/office 2021/42whr /black/1.38 kg), e1404fa-nk325ws",4,31990,/ASUS-Vivobook-Laptop-Office-E1404FA-NK325WS/dp/B0CCPC5DTD/ref=sr_1_21?dib=eyJ2IjoiMSJ9.7H9MG1nQdTesZk8hdG075WR5QkIKpeZWSMnNVWJCa3S2sWMEMsdWDBwmOLNXmssIZZh1eXE1tP5xZBEKDCYddipU4EA6v6TYkeNjr6yPnC_8MfcIChfDY-uOLJKVWhXH2DDfhUf8nDTLYR2SICl5maoQWWIskxM_EfKOVvIhtF5x3WYlWFqqwuYGRkgVdGKE9UUfVzh9TJ16zSOS45r9W2J2lp0LxWiwcSDYsDly8jM.XLfraTBRanLY66-_5XQ_4vh7h2IfJB7lG7rAZjpjD-A&dib_tag=se&keywords=laptop&qid=1738436376&sr=8-21&xpid=33P0v7PZbFYE1
"(refurbished) lenovo thinkpad x270 7th gen intel core i7 thin & light hd laptop (16 gb ddr4 ram|1 tb ssd|12.5"" (31.8 cm) hd display|windows 11|ms office|wifi|bt|webcam|intel graphics)",3.6,21999,/Refurbished-Lenovo-ThinkPad-Display-Graphics/dp/B0DQD5ZKN4/ref=sr_1_23?dib=eyJ2IjoiMSJ9.7H9MG1nQdTesZk8hdG075WR5QkIKpeZWSMnNVWJCa3S2sWMEMsdWDBwmOLNXmssIZZh1eXE1tP5xZBEKDCYddipU4EA6v6TYkeNjr6yPnC_8MfcIChfDY-uOLJKVWhXH2DDfhUf8nDTLYR2SICl5maoQWWIskxM_EfKOVvIhtF5x3WYlWFqqwuYGRkgVdGKE9UUfVzh9TJ16zSOS45r9W2J2lp0LxWiwcSDYsDly8jM.XLfraTBRanLY66-_5XQ_4vh7h2IfJB7lG7rAZjpjD-A&dib_tag=se&keywords=laptop&qid=1738436376&sr=8-23&xpid=33P0v7PZbFYE1
"asus vivobook go 14, amd ryzen 3 7320u, thin and light laptop, 14"" (35.56 cm) fhd, (8 gb ram/512gb ssd/windows 11/office 2021/42whr /silver/1.38 kg), e1404fa-nk321ws",4,31990,/ASUS-Vivobook-14-inch-Windows-E1404FA-NK321WS/dp/B0C37G66X5/ref=sr_1_27?dib=eyJ2IjoiMSJ9.7H9MG1nQdTesZk8hdG075WR5QkIKpeZWSMnNVWJCa3S2sWMEMsdWDBwmOLNXmssIZZh1eXE1tP5xZBEKDCYddipU4EA6v6TYkeNjr6yPnC_8MfcIChfDY-uOLJKVWhXH2DDfhUf8nDTLYR2SICl5maoQWWIskxM_EfKOVvIhtF5x3WYlWFqqwuYGRkgVdGKE9UUfVzh9TJ16zSOS45r9W2J2lp0LxWiwcSDYsDly8jM.XLfraTBRanLY66-_5XQ_4vh7h2IfJB7lG7rAZjpjD-A&dib_tag=se&keywords=laptop&qid=1738436376&sr=8-27&xpid=33P0v7PZbFYE1
"dell [smartchoice] windows 11 home, intel core i3-1215u, 12th gen (8gb ram/512gb ssd/fhd/window 11/ms office' 21/15""(38 cm)/15 month mcafee/black/1.69kg laptop",3.6,33990,/Dell-Smartchoice-i3-1215U-Processor-Spill-Resistant/dp/B0BQJ68HHC/ref=sr_1_28?dib=eyJ2IjoiMSJ9.7H9MG1nQdTesZk8hdG075WR5QkIKpeZWSMnNVWJCa3S2sWMEMsdWDBwmOLNXmssIZZh1eXE1tP5xZBEKDCYddipU4EA6v6TYkeNjr6yPnC_8MfcIChfDY-uOLJKVWhXH2DDfhUf8nDTLYR2SICl5maoQWWIskxM_EfKOVvIhtF5x3WYlWFqqwuYGRkgVdGKE9UUfVzh9TJ16zSOS45r9W2J2lp0LxWiwcSDYsDly8jM.XLfraTBRanLY66-_5XQ_4vh7h2IfJB7lG7rAZjpjD-A&dib_tag=se&keywords=laptop&qid=1738436376&sr=8-28&xpid=33P0v7PZbFYE1
"lenovo ideapad slim 3 intel core i3 12th gen 15.6 inch (39.62cm) fhd thin & light laptop (8gb/512gb ssd/windows 11/office 2021/3months game pass/arctic grey/1.63kg), 82rk00vwin",4.1,33975,/Lenovo-IdeaPad-39-62cm-Windows-82RK00VWIN/dp/B0CR7WG86N/ref=sr_1_29?dib=eyJ2IjoiMSJ9.7H9MG1nQdTesZk8hdG075WR5QkIKpeZWSMnNVWJCa3S2sWMEMsdWDBwmOLNXmssIZZh1eXE1tP5xZBEKDCYddipU4EA6v6TYkeNjr6yPnC_8MfcIChfDY-uOLJKVWhXH2DDfhUf8nDTLYR2SICl5maoQWWIskxM_EfKOVvIhtF5x3WYlWFqqwuYGRkgVdGKE9UUfVzh9TJ16zSOS45r9W2J2lp0LxWiwcSDYsDly8jM.XLfraTBRanLY66-_5XQ_4vh7h2IfJB7lG7rAZjpjD-A&dib_tag=se&keywords=laptop&qid=1738436376&sr=8-29&xpid=33P0v7PZbFYE1
"lenovo ideapad slim 3 12th gen intel core i5-12450h 15.6"" (39.6cm) fhd ips thin & light laptop (16gb/512gb ssd/intel uhd graphics/win 11/mso 21/backlit kb/1 yr adp free/grey/1.6kg), 83er008din",3.8,50200,/Lenovo-IdeaPad-i5-12450H-Warranty-83ER008DIN/dp/B0CNVH114V/ref=sr_1_30?dib=eyJ2IjoiMSJ9.7H9MG1nQdTesZk8hdG075WR5QkIKpeZWSMnNVWJCa3S2sWMEMsdWDBwmOLNXmssIZZh1eXE1tP5xZBEKDCYddipU4EA6v6TYkeNjr6yPnC_8MfcIChfDY-uOLJKVWhXH2DDfhUf8nDTLYR2SICl5maoQWWIskxM_EfKOVvIhtF5x3WYlWFqqwuYGRkgVdGKE9UUfVzh9TJ16zSOS45r9W2J2lp0LxWiwcSDYsDly8jM.XLfraTBRanLY66-_5XQ_4vh7h2IfJB7lG7rAZjpjD-A&dib_tag=se&keywords=laptop&qid=1738436376&sr=8-30&xpid=33P0v7PZbFYE1
"lenovo ideapad slim 3 13th gen intel core i7-13620h 15.6"" (39.62cm) fhdips300 nits thin&light laptop (16gb/512gb ssd/intel uhdgraphics/win11/office home 2024/1yradp free/arctic-grey/1.6kg), 83em00gtin",3.9,63990,/Lenovo-i7-13620H-UHDGraphics-ARCTIC-Grey-83EM00GTIN/dp/B0DL5N2TFC/ref=sr_1_31?dib=eyJ2IjoiMSJ9.7H9MG1nQdTesZk8hdG075WR5QkIKpeZWSMnNVWJCa3S2sWMEMsdWDBwmOLNXmssIZZh1eXE1tP5xZBEKDCYddipU4EA6v6TYkeNjr6yPnC_8MfcIChfDY-uOLJKVWhXH2DDfhUf8nDTLYR2SICl5maoQWWIskxM_EfKOVvIhtF5x3WYlWFqqwuYGRkgVdGKE9UUfVzh9TJ16zSOS45r9W2J2lp0LxWiwcSDYsDly8jM.XLfraTBRanLY66-_5XQ_4vh7h2IfJB7lG7rAZjpjD-A&dib_tag=se&keywords=laptop&qid=1738436376&sr=8-31&xpid=33P0v7PZbFYE1
"hp laptop 250 g9 (2024), intel core i3 12th gen 1215u - (16gb/512gb ssd/intel iris xe graphics/windows 11 pro) thin and light business laptop/15.6"" (39.62cm)/silver/1.57 kg/ms office 2021 pro plus",3,34520,/HP-Laptop-250-Intel-1215U/dp/B0DJCSYLFJ/ref=sr_1_32?dib=eyJ2IjoiMSJ9.7H9MG1nQdTesZk8hdG075WR5QkIKpeZWSMnNVWJCa3S2sWMEMsdWDBwmOLNXmssIZZh1eXE1tP5xZBEKDCYddipU4EA6v6TYkeNjr6yPnC_8MfcIChfDY-uOLJKVWhXH2DDfhUf8nDTLYR2SICl5maoQWWIskxM_EfKOVvIhtF5x3WYlWFqqwuYGRkgVdGKE9UUfVzh9TJ16zSOS45r9W2J2lp0LxWiwcSDYsDly8jM.XLfraTBRanLY66-_5XQ_4vh7h2IfJB7lG7rAZjpjD-A&dib_tag=se&keywords=laptop&qid=1738436376&sr=8-32&xpid=33P0v7PZbFYE1
"msi thin 15, intel core i5-13420h, 40cm fhd 144hz gaming laptop(16gb/512gb nvme ssd/windows 11 home/nvidia geforce rtx 2050,gddr6 4gb /cosmos gray/1.86kg), b13ucx-1807in",4.2,53500,/MSI-i5-13420H-Windows-GeForce-B13UCX-1807IN/dp/B0CV9H7TN6/ref=sr_1_49?dib=eyJ2IjoiMSJ9.ZH3de5l3WhyPQ9Ysw8wDJ2ZUD4m4qHib9BzQhXYY95gO2BZrEDXep7UhJ-70DHW8Z2ISnI0bVjbAfFvP--zeDbR7lM9Mv6Frq9Tv8zZli2Tz0h1SwDym3vge8BelFa_LTvU1SGlwSF8Wpddq_VLqnXlDWoNXnxrMk4sYcM-tM-eJ4sHP_C1K0zgeWcRgQhePqVa9UZWop82CW4tauA4Sg5PqoeOrJlNGpV50iyQ8WV8.VLLDR7ySE8TiZqZMjDHRINAY8ACe_Co6pzv0OQN8vEE&dib_tag=se&keywords=laptop&qid=1738436396&sr=8-49&xpid=33P0v7PZbFYE1
"lenovo ideapad slim 3 12th gen intel core i5-12450h (16gb ram/512gb ssd/fhd/14 (35.5cm)/windows 11/office home 2024/alexa built-in/3 mon. game pass/grey/1.37kg), 83eq0072in laptop",3.9,52990,/Lenovo-IdeaPad-i5-12450H-Windows-83EQ0072IN/dp/B0DP7BZ8FD/ref=sr_1_50?dib=eyJ2IjoiMSJ9.ZH3de5l3WhyPQ9Ysw8wDJ2ZUD4m4qHib9BzQhXYY95gO2BZrEDXep7UhJ-70DHW8Z2ISnI0bVjbAfFvP--zeDbR7lM9Mv6Frq9Tv8zZli2Tz0h1SwDym3vge8BelFa_LTvU1SGlwSF8Wpddq_VLqnXlDWoNXnxrMk4sYcM-tM-eJ4sHP_C1K0zgeWcRgQhePqVa9UZWop82CW4tauA4Sg5PqoeOrJlNGpV50iyQ8WV8.VLLDR7ySE8TiZqZMjDHRINAY8ACe_Co6pzv0OQN8vEE&dib_tag=se&keywords=laptop&qid=1738436396&sr=8-50&xpid=33P0v7PZbFYE1
"lenovo v15 intel celeron n4500 15.6"" (39.62 cm) fhd (1920x1080) antiglare 250 nits thin and light laptop (8gb ram/256gb ssd/windows 11 home/black/1y onsite/1.7 kg), 82qya00min",3.9,21990,/Lenovo-Celeron-1920x1080-Antiglare-82QYA00MIN/dp/B0C28FKJXG/ref=sr_1_51?dib=eyJ2IjoiMSJ9.ZH3de5l3WhyPQ9Ysw8wDJ2ZUD4m4qHib9BzQhXYY95gO2BZrEDXep7UhJ-70DHW8Z2ISnI0bVjbAfFvP--zeDbR7lM9Mv6Frq9Tv8zZli2Tz0h1SwDym3vge8BelFa_LTvU1SGlwSF8Wpddq_VLqnXlDWoNXnxrMk4sYcM-tM-eJ4sHP_C1K0zgeWcRgQhePqVa9UZWop82CW4tauA4Sg5PqoeOrJlNGpV50iyQ8WV8.VLLDR7ySE8TiZqZMjDHRINAY8ACe_Co6pzv0OQN8vEE&dib_tag=se&keywords=laptop&qid=1738436396&sr=8-51&xpid=33P0v7PZbFYE1
"dell inspiron 3530 13th gen laptop, intel core i3-1305u/8gb/512gb ssd/15.6"" (39.62cm) fhd wva ag 120hz 250 nits narrow border/windows 11+mso'21/mcafee 15 month/platinum silver/1.62kg",3.7,37990,/Dell-Inspiron-i3-1305U-39-62cm-Platinum/dp/B0DRKPKH7P/ref=sr_1_52?dib=eyJ2IjoiMSJ9.ZH3de5l3WhyPQ9Ysw8wDJ2ZUD4m4qHib9BzQhXYY95gO2BZrEDXep7UhJ-70DHW8Z2ISnI0bVjbAfFvP--zeDbR7lM9Mv6Frq9Tv8zZli2Tz0h1SwDym3vge8BelFa_LTvU1SGlwSF8Wpddq_VLqnXlDWoNXnxrMk4sYcM-tM-eJ4sHP_C1K0zgeWcRgQhePqVa9UZWop82CW4tauA4Sg5PqoeOrJlNGpV50iyQ8WV8.VLLDR7ySE8TiZqZMjDHRINAY8ACe_Co6pzv0OQN8vEE&dib_tag=se&keywords=laptop&qid=1738436396&sr=8-52&xpid=33P0v7PZbFYE1
"hp victus, 13th gen intel core i7-13620h, 6gb nvidia rtx 4050, 16gb ddr6, 1tb ssd (win11, office21, silver, 2.3kg) 144hz, ips, 15.6-inch(39.6cm) flicker-free gaming laptop, enhanced cooling, fa1332tx",3.7,90990,/HP-I7-13620H-15-6-Inch-Response-Fa1332Tx/dp/B0D2DHNKFB/ref=sr_1_53?dib=eyJ2IjoiMSJ9.ZH3de5l3WhyPQ9Ysw8wDJ2ZUD4m4qHib9BzQhXYY95gO2BZrEDXep7UhJ-70DHW8Z2ISnI0bVjbAfFvP--zeDbR7lM9Mv6Frq9Tv8zZli2Tz0h1SwDym3vge8BelFa_LTvU1SGlwSF8Wpddq_VLqnXlDWoNXnxrMk4sYcM-tM-eJ4sHP_C1K0zgeWcRgQhePqVa9UZWop82CW4tauA4Sg5PqoeOrJlNGpV50iyQ8WV8.VLLDR7ySE8TiZqZMjDHRINAY8ACe_Co6pzv0OQN8vEE&dib_tag=se&keywords=laptop&qid=1738436396&sr=8-53&xpid=33P0v7PZbFYE1
"hp 15, amd ryzen 5 7520u, 16gb ddr5, 512gb ssd, (win 11, office 21, silver, 1.59kg), anti-glare, micro-edge, 15.6-inch(39.6cm), fhd laptop, amd radeon graphics, 1080p fhd camera, backlit kb, fc0156au",3.2,43990,/HP-RyzenTM-15-6-inch-Speakers-15s-fc0156AU/dp/B0CY2PLQ8N/ref=sr_1_54?dib=eyJ2IjoiMSJ9.ZH3de5l3WhyPQ9Ysw8wDJ2ZUD4m4qHib9BzQhXYY95gO2BZrEDXep7UhJ-70DHW8Z2ISnI0bVjbAfFvP--zeDbR7lM9Mv6Frq9Tv8zZli2Tz0h1SwDym3vge8BelFa_LTvU1SGlwSF8Wpddq_VLqnXlDWoNXnxrMk4sYcM-tM-eJ4sHP_C1K0zgeWcRgQhePqVa9UZWop82CW4tauA4Sg5PqoeOrJlNGpV50iyQ8WV8.VLLDR7ySE8TiZqZMjDHRINAY8ACe_Co6pzv0OQN8vEE&dib_tag=se&keywords=laptop&qid=1738436396&sr=8-54&xpid=33P0v7PZbFYE1
"hp 15s,12th gen intel core i3-1215u, 8gb ddr4, 512 gb ssd(win 11, office 21, silver, 1.69kg), anti-glare, 15.6inch(39.6cm), fhd laptop, intel uhd graphics, dual speakers, hd camera, fy5006tu",4.1,35999,/HP-i3-1215U-Anti-Glare-15-6inch-Graphics/dp/B0CJBL2QWY/ref=sr_1_55?dib=eyJ2IjoiMSJ9.ZH3de5l3WhyPQ9Ysw8wDJ2ZUD4m4qHib9BzQhXYY95gO2BZrEDXep7UhJ-70DHW8Z2ISnI0bVjbAfFvP--zeDbR7lM9Mv6Frq9Tv8zZli2Tz0h1SwDym3vge8BelFa_LTvU1SGlwSF8Wpddq_VLqnXlDWoNXnxrMk4sYcM-tM-eJ4sHP_C1K0zgeWcRgQhePqVa9UZWop82CW4tauA4Sg5PqoeOrJlNGpV50iyQ8WV8.VLLDR7ySE8TiZqZMjDHRINAY8ACe_Co6pzv0OQN8vEE&dib_tag=se&keywords=laptop&qid=1738436396&sr=8-55&xpid=33P0v7PZbFYE1
"acer predator helios neo 16 gaming laptop 14th gen intel core i9 processor (windows 11 home/16 gb/1 tb ssd/nvidia geforce rtx 4070) phn16-72 with 40.64 cm (16"") wqxga display",4.1,159990,/Acer-Predator-Processor-Windows-PHN16-72/dp/B0CXPW7BRZ/ref=sr_1_56?dib=eyJ2IjoiMSJ9.ZH3de5l3WhyPQ9Ysw8wDJ2ZUD4m4qHib9BzQhXYY95gO2BZrEDXep7UhJ-70DHW8Z2ISnI0bVjbAfFvP--zeDbR7lM9Mv6Frq9Tv8zZli2Tz0h1SwDym3vge8BelFa_LTvU1SGlwSF8Wpddq_VLqnXlDWoNXnxrMk4sYcM-tM-eJ4sHP_C1K0zgeWcRgQhePqVa9UZWop82CW4tauA4Sg5PqoeOrJlNGpV50iyQ8WV8.VLLDR7ySE8TiZqZMjDHRINAY8ACe_Co6pzv0OQN8vEE&dib_tag=se&keywords=laptop&qid=1738436396&sr=8-56&xpid=33P0v7PZbFYE1
"lenovo ideapad slim 1 amd ryzen 5 5500u 15.6"" hd thin and light laptop (16gb/512gb ssd/integrated amd graphics/windows 11 home/mso 21/1yr adp free/cloud grey/1.61kg), 82r400erin",3.9,40990,/Lenovo-IdeaPad-Laptop-Windows-82R400ERIN/dp/B0CP2KRYLM/ref=sr_1_57?dib=eyJ2IjoiMSJ9.ZH3de5l3WhyPQ9Ysw8wDJ2ZUD4m4qHib9BzQhXYY95gO2BZrEDXep7UhJ-70DHW8Z2ISnI0bVjbAfFvP--zeDbR7lM9Mv6Frq9Tv8zZli2Tz0h1SwDym3vge8BelFa_LTvU1SGlwSF8Wpddq_VLqnXlDWoNXnxrMk4sYcM-tM-eJ4sHP_C1K0zgeWcRgQhePqVa9UZWop82CW4tauA4Sg5PqoeOrJlNGpV50iyQ8WV8.VLLDR7ySE8TiZqZMjDHRINAY8ACe_Co6pzv0OQN8vEE&dib_tag=se&keywords=laptop&qid=1738436396&sr=8-57&xpid=33P0v7PZbFYE1
"lenovo v14 g3 (2024), intel core i5 12th gen 1235u - (8gb/512gb ssd/intel uhd graphics/windows 11 home) thin and light business laptop/14.0"" fhd display/iron grey/1.57 kg/ms office",0,35990,/Lenovo-Intel-Core-12th-1235U/dp/B0DJCNK3MG/ref=sr_1_59?dib=eyJ2IjoiMSJ9.ZH3de5l3WhyPQ9Ysw8wDJ2ZUD4m4qHib9BzQhXYY95gO2BZrEDXep7UhJ-70DHW8Z2ISnI0bVjbAfFvP--zeDbR7lM9Mv6Frq9Tv8zZli2Tz0h1SwDym3vge8BelFa_LTvU1SGlwSF8Wpddq_VLqnXlDWoNXnxrMk4sYcM-tM-eJ4sHP_C1K0zgeWcRgQhePqVa9UZWop82CW4tauA4Sg5PqoeOrJlNGpV50iyQ8WV8.VLLDR7ySE8TiZqZMjDHRINAY8ACe_Co6pzv0OQN8vEE&dib_tag=se&keywords=laptop&qid=1738436396&sr=8-59&xpid=33P0v7PZbFYE1
"hp victus, 13th gen intel core i7-13620h, 8gb nvidia rtx 4060, 16gb ddr4, 1tb ssd (win11, office21, silver, 2.29kg), 144hz, 9ms, ips, 15.6-inch(39.6cm), fhd gaming laptop, enhanced cooling, fa1333tx",3.5,96999,/HP-i7-13620H-15-6-inch-Response-15-fa1333TX/dp/B0D7H15S9Z/ref=sr_1_61?dib=eyJ2IjoiMSJ9.ZH3de5l3WhyPQ9Ysw8wDJ2ZUD4m4qHib9BzQhXYY95gO2BZrEDXep7UhJ-70DHW8Z2ISnI0bVjbAfFvP--zeDbR7lM9Mv6Frq9Tv8zZli2Tz0h1SwDym3vge8BelFa_LTvU1SGlwSF8Wpddq_VLqnXlDWoNXnxrMk4sYcM-tM-eJ4sHP_C1K0zgeWcRgQhePqVa9UZWop82CW4tauA4Sg5PqoeOrJlNGpV50iyQ8WV8.VLLDR7ySE8TiZqZMjDHRINAY8ACe_Co6pzv0OQN8vEE&dib_tag=se&keywords=laptop&qid=1738436396&sr=8-61&xpid=33P0v7PZbFYE1
"hp victus, 12th gen intel core i5-12450h, nvidia rtx 2050, 16gb ddr4, 512gb ssd (win11, office21, blue, 2.3kg) 144hz, 9ms, ips, 15.6-inch(39.6cm) gaming laptop, enhanced cooling, fa1227tx/fa1314tx",4,59990,/HP-i5-12450H-15-6-inch-Response-fa1373TX/dp/B0D2DDJ6PJ/ref=sr_1_62?dib=eyJ2IjoiMSJ9.ZH3de5l3WhyPQ9Ysw8wDJ2ZUD4m4qHib9BzQhXYY95gO2BZrEDXep7UhJ-70DHW8Z2ISnI0bVjbAfFvP--zeDbR7lM9Mv6Frq9Tv8zZli2Tz0h1SwDym3vge8BelFa_LTvU1SGlwSF8Wpddq_VLqnXlDWoNXnxrMk4sYcM-tM-eJ4sHP_C1K0zgeWcRgQhePqVa9UZWop82CW4tauA4Sg5PqoeOrJlNGpV50iyQ8WV8.VLLDR7ySE8TiZqZMjDHRINAY8ACe_Co6pzv0OQN8vEE&dib_tag=se&keywords=laptop&qid=1738436396&sr=8-62&xpid=33P0v7PZbFYE1
"lenovo ideapad 3 12th gen intel core i3-1215u 14 inch (35.5cm) fhd thin & light laptop (8gb/512gb ssd/win 11/office 2021/1 year warranty/3months game pass/arctic grey/1.43kg), 82rj00fuin",4,34990,/Lenovo-IdeaPad-i3-1215U-Warranty-82RJ00FUIN/dp/B0DFH99H7X/ref=sr_1_63?dib=eyJ2IjoiMSJ9.ZH3de5l3WhyPQ9Ysw8wDJ2ZUD4m4qHib9BzQhXYY95gO2BZrEDXep7UhJ-70DHW8Z2ISnI0bVjbAfFvP--zeDbR7lM9Mv6Frq9Tv8zZli2Tz0h1SwDym3vge8BelFa_LTvU1SGlwSF8Wpddq_VLqnXlDWoNXnxrMk4sYcM-tM-eJ4sHP_C1K0zgeWcRgQhePqVa9UZWop82CW4tauA4Sg5PqoeOrJlNGpV50iyQ8WV8.VLLDR7ySE8TiZqZMjDHRINAY8ACe_Co6pzv0OQN8vEE&dib_tag=se&keywords=laptop&qid=1738436396&sr=8-63&xpid=33P0v7PZbFYE1
"acer aspire lite 12th gen intel core i3-1215u premium metal laptop (8gb ram/512gb ssd/windows 11 home) al15-52, 39.62cm (15.6"") full hd display, metal body, steel gray, 1.59 kg",3.9,30966,/Acer-i3-1215U-Premium-Windows-AL15-52/dp/B0CKLN7PSZ/ref=sr_1_64?dib=eyJ2IjoiMSJ9.ZH3de5l3WhyPQ9Ysw8wDJ2ZUD4m4qHib9BzQhXYY95gO2BZrEDXep7UhJ-70DHW8Z2ISnI0bVjbAfFvP--zeDbR7lM9Mv6Frq9Tv8zZli2Tz0h1SwDym3vge8BelFa_LTvU1SGlwSF8Wpddq_VLqnXlDWoNXnxrMk4sYcM-tM-eJ4sHP_C1K0zgeWcRgQhePqVa9UZWop82CW4tauA4Sg5PqoeOrJlNGpV50iyQ8WV8.VLLDR7ySE8TiZqZMjDHRINAY8ACe_Co6pzv0OQN8vEE&dib_tag=se&keywords=laptop&qid=1738436396&sr=8-64&xpid=33P0v7PZbFYE1
"lenovo yoga slim 7 aura edition intel evo core ultra 7 258v (32gb ram/1tb ssd/15(38.86cm)/copilot+ pc/windows 11/office home 2024/grey/1.53kg), 83hm004nin ai laptop",5,147990,/sspa/click?ie=UTF8&spc=MTozNzk2OTY3MjcyNTk3MTAyOjE3Mzg0MzY0Mjg6c3BfYXRmX25leHQ6MzAwNDU2NTA3NzM0MzMyOjowOjo&url=%2FLenovo-38-86cm-Copilot-Windows-83HM004NIN%2Fdp%2FB0DP6RBVSK%2Fref%3Dsr_1_18_sspa%3Fdib%3DeyJ2IjoiMSJ9.7H9MG1nQdTesZk8hdG075WR5QkIKpeZWSMnNVWJCa3S2sWMEMsdWDBwmOLNXmssIZZh1eXE1tP5xZBEKDCYddipU4EA6v6TYkeNjr6yPnC_8MfcIChfDY-uOLJKVWhXH2DDfhUf8nDTLYR2SICl5maoQWWIskxM_EfKOVvIhtF5x3WYlWFqqwuYGRkgVdGKELz87pnd4N-EDGQNeFKKkx_s7wnioGcYyrt3SlWENvys.GrRwfbF3cRQAxncrOxhtOXfckarmQT5QoaioxJ3almo%26dib_tag%3Dse%26keywords%3Dlaptop%26qid%3D1738436428%26sr%3D8-18-spons%26xpid%3D33P0v7PZbFYE1%26sp_csd%3Dd2lkZ2V0TmFtZT1zcF9hdGZfbmV4dA%26psc%3D1
"asus vivobook 16 (2023), intel core i9-13900h 13th gen, thin & light laptop, 16"" (40.64 cm) fhd+,(16gb/512gb ssd/intel iris xe/win 11/office 2021/backlit kb/fingerprint/silver/1.88 kg) x1605va-mb946ws",4.2,84990,/sspa/click?ie=UTF8&spc=MTozNzk2OTY3MjcyNTk3MTAyOjE3Mzg0MzY0Mjg6c3BfbXRmOjMwMDA2NzM3NTM0NzEzMjo6MDo6&url=%2FASUS-Vivobook-i9-13900H-Fingerprint-X1605VA-MB946WS%2Fdp%2FB0CHMYJ9BK%2Fref%3Dsr_1_27_sspa%3Fdib%3DeyJ2IjoiMSJ9.7H9MG1nQdTesZk8hdG075WR5QkIKpeZWSMnNVWJCa3S2sWMEMsdWDBwmOLNXmssIZZh1eXE1tP5xZBEKDCYddipU4EA6v6TYkeNjr6yPnC_8MfcIChfDY-uOLJKVWhXH2DDfhUf8nDTLYR2SICl5maoQWWIskxM_EfKOVvIhtF5x3WYlWFqqwuYGRkgVdGKELz87pnd4N-EDGQNeFKKkx_s7wnioGcYyrt3SlWENvys.GrRwfbF3cRQAxncrOxhtOXfckarmQT5QoaioxJ3almo%26dib_tag%3Dse%26keywords%3Dlaptop%26qid%3D1738436428%26sr%3D8-27-spons%26xpid%3D33P0v7PZbFYE1%26sp_csd%3Dd2lkZ2V0TmFtZT1zcF9tdGY%26psc%3D1
"folinham 15.6 inch windows 11 pro laptop, 12gb lpddr4 512gb ssd notebook, 12th gen alder lake-n100(up to 3.4ghz), fhd(1920x1080) 16:9 ips laptops, 4k video, 2.4g/5g wifi, bt4.2, 7.6v/6500mah",5,42999,/sspa/click?ie=UTF8&spc=MTozNzk2OTY3MjcyNTk3MTAyOjE3Mzg0MzY0Mjg6c3BfYnRmOjMwMDQ0MzY3NDYyNTAzMjo6MDo6&url=%2FFOLINHAM-Windows-Notebook-Lake-N100-1920x1080%2Fdp%2FB0D319J1K7%2Fref%3Dsr_1_38_sspa%3Fdib%3DeyJ2IjoiMSJ9.7H9MG1nQdTesZk8hdG075WR5QkIKpeZWSMnNVWJCa3S2sWMEMsdWDBwmOLNXmssIZZh1eXE1tP5xZBEKDCYddipU4EA6v6TYkeNjr6yPnC_8MfcIChfDY-uOLJKVWhXH2DDfhUf8nDTLYR2SICl5maoQWWIskxM_EfKOVvIhtF5x3WYlWFqqwuYGRkgVdGKELz87pnd4N-EDGQNeFKKkx_s7wnioGcYyrt3SlWENvys.GrRwfbF3cRQAxncrOxhtOXfckarmQT5QoaioxJ3almo%26dib_tag%3Dse%26keywords%3Dlaptop%26qid%3D1738436428%26sr%3D8-38-spons%26xpid%3D33P0v7PZbFYE1%26sp_csd%3Dd2lkZ2V0TmFtZT1zcF9idGY%26psc%3D1
"dell {smartchoice} g15-5530 core i5-13450hx| nvidia rtx 3050, 6gb (16gb ram|1tb ssd, fhd|window 11|ms office' 21|15.6"" (39.62cm)|dark shadow grey|2.65kg|gaming laptop",4,77990,/Dell-Smartchoice-G15-5530-Gaming-i5-13450HX/dp/B0CRKXDX83/ref=sr_1_65?dib=eyJ2IjoiMSJ9.kyQY7M1QLaBx5rVJqEEsOqkLam4xtelQOVl_w63gImJUyPXWiDbVZnSBcF4u99-qdAHKJ8jd9lQZ7eGuWAFOaLsSoaNMilWK2hPENx1CPvobEYFe-U5iP4WunYRZF1FUUrwcFihOfVx6AaZZQjnx0nmEqwojtk7S9y2c0PxDFQrWtsIep2ELhdmq3Yej6wE-JN6sixkSBS2DkpsjbX_BFhUBLLd19NWzR995vJZGftw.IARxkHJN5cy-W09fwnBXz6HBPSUjqwZ3dw62BjhTKoQ&dib_tag=se&keywords=laptop&qid=1738436455&sr=8-65&xpid=33P0v7PZbFYE1
"lenovo v15 12th gen intel core i7-1255u 15.6"" fhd thin and light laptop (16gb ram/512gb ssd/windows 11 home/ms office home & student 2021/iron grey/1.70 kg), 82tta073in",3.4,49990,/Lenovo-V15-i7-1255U-Windows-82TTA073IN/dp/B0DDY3XT48/ref=sr_1_66?dib=eyJ2IjoiMSJ9.kyQY7M1QLaBx5rVJqEEsOqkLam4xtelQOVl_w63gImJUyPXWiDbVZnSBcF4u99-qdAHKJ8jd9lQZ7eGuWAFOaLsSoaNMilWK2hPENx1CPvobEYFe-U5iP4WunYRZF1FUUrwcFihOfVx6AaZZQjnx0nmEqwojtk7S9y2c0PxDFQrWtsIep2ELhdmq3Yej6wE-JN6sixkSBS2DkpsjbX_BFhUBLLd19NWzR995vJZGftw.IARxkHJN5cy-W09fwnBXz6HBPSUjqwZ3dw62BjhTKoQ&dib_tag=se&keywords=laptop&qid=1738436455&sr=8-66&xpid=33P0v7PZbFYE1
"(refurbished) lenovo thinkpad t480 8th gen intel core i7 thin & light laptop (16 gb ddr4 ram|512 gb ssd|14"" (35.6 cm) hd|windows 11|wifi|bluetooth 4.1|webcam|intel hd graphics)",3.1,18880,/Refurbished-Lenovo-ThinkPad-Bluetooth-Graphics/dp/B0DHLW7D1P/ref=sr_1_68?dib=eyJ2IjoiMSJ9.kyQY7M1QLaBx5rVJqEEsOqkLam4xtelQOVl_w63gImJUyPXWiDbVZnSBcF4u99-qdAHKJ8jd9lQZ7eGuWAFOaLsSoaNMilWK2hPENx1CPvobEYFe-U5iP4WunYRZF1FUUrwcFihOfVx6AaZZQjnx0nmEqwojtk7S9y2c0PxDFQrWtsIep2ELhdmq3Yej6wE-JN6sixkSBS2DkpsjbX_BFhUBLLd19NWzR995vJZGftw.IARxkHJN5cy-W09fwnBXz6HBPSUjqwZ3dw62BjhTKoQ&dib_tag=se&keywords=laptop&qid=1738436455&sr=8-68&xpid=33P0v7PZbFYE1
"hp laptop 15s, 12th gen intel core i3-1215u, 15.6-inch (39.6 cm), fhd, 16gb ddr4, 512gb ssd, intel uhd graphics, 720p hd camera, anti-glare screen, thin & light (win 11, silver, 1.69 kg), fy5004tu",3.9,37299,/HP-i3-1215U-15-6-inch-Graphics-Speakers/dp/B0C9DDQ1WN/ref=sr_1_69?dib=eyJ2IjoiMSJ9.kyQY7M1QLaBx5rVJqEEsOqkLam4xtelQOVl_w63gImJUyPXWiDbVZnSBcF4u99-qdAHKJ8jd9lQZ7eGuWAFOaLsSoaNMilWK2hPENx1CPvobEYFe-U5iP4WunYRZF1FUUrwcFihOfVx6AaZZQjnx0nmEqwojtk7S9y2c0PxDFQrWtsIep2ELhdmq3Yej6wE-JN6sixkSBS2DkpsjbX_BFhUBLLd19NWzR995vJZGftw.IARxkHJN5cy-W09fwnBXz6HBPSUjqwZ3dw62BjhTKoQ&dib_tag=se&keywords=laptop&qid=1738436455&sr=8-69&xpid=33P0v7PZbFYE1
"lenovo v15 amd ryzen 3 7320u 15.6"" (39.62cm) fhd 250 nits antiglare thin and light laptop (8gb/512gb ssd/windows 11/arctic grey/1.65 kg), 82yu00w7in",3.8,27290,/Lenovo-39-62cm-Antiglare-Windows-82YU00W7IN/dp/B0C69Z4TKW/ref=sr_1_70?dib=eyJ2IjoiMSJ9.kyQY7M1QLaBx5rVJqEEsOqkLam4xtelQOVl_w63gImJUyPXWiDbVZnSBcF4u99-qdAHKJ8jd9lQZ7eGuWAFOaLsSoaNMilWK2hPENx1CPvobEYFe-U5iP4WunYRZF1FUUrwcFihOfVx6AaZZQjnx0nmEqwojtk7S9y2c0PxDFQrWtsIep2ELhdmq3Yej6wE-JN6sixkSBS2DkpsjbX_BFhUBLLd19NWzR995vJZGftw.IARxkHJN5cy-W09fwnBXz6HBPSUjqwZ3dw62BjhTKoQ&dib_tag=se&keywords=laptop&qid=1738436455&sr=8-70&xpid=33P0v7PZbFYE1
"asus vivobook go 14 (2023), amd ryzen 5 7520u, 14-inch (35.56 cm) fhd, thin & light laptop (8gb/512gb ssd/windows 11/office 2021/alexa built-in/silver/1.38 kg), e1404fa-nk521ws",4,37318,/ASUS-Vivobook-14-inch-Windows-E1404FA-NK521WS/dp/B0BVMM9CW5/ref=sr_1_71?dib=eyJ2IjoiMSJ9.kyQY7M1QLaBx5rVJqEEsOqkLam4xtelQOVl_w63gImJUyPXWiDbVZnSBcF4u99-qdAHKJ8jd9lQZ7eGuWAFOaLsSoaNMilWK2hPENx1CPvobEYFe-U5iP4WunYRZF1FUUrwcFihOfVx6AaZZQjnx0nmEqwojtk7S9y2c0PxDFQrWtsIep2ELhdmq3Yej6wE-JN6sixkSBS2DkpsjbX_BFhUBLLd19NWzR995vJZGftw.IARxkHJN5cy-W09fwnBXz6HBPSUjqwZ3dw62BjhTKoQ&dib_tag=se&keywords=laptop&qid=1738436455&sr=8-71&xpid=33P0v7PZbFYE1
"hp 15 ai laptop, intel core ultra 5 125h,12 tops, 16gb ddr5, 1tb ssd,(win 11, silver, 1.65 kg),anti-glare, 15.6-inch (39.6 cm), fhd, intel arc graphics, fhd camera, backlit kb, fd1197tu",3.4,72990,/HP-Anti-Glare-15-6-inch-Graphics-fd1197TU/dp/B0DGX5X7NZ/ref=sr_1_72?dib=eyJ2IjoiMSJ9.kyQY7M1QLaBx5rVJqEEsOqkLam4xtelQOVl_w63gImJUyPXWiDbVZnSBcF4u99-qdAHKJ8jd9lQZ7eGuWAFOaLsSoaNMilWK2hPENx1CPvobEYFe-U5iP4WunYRZF1FUUrwcFihOfVx6AaZZQjnx0nmEqwojtk7S9y2c0PxDFQrWtsIep2ELhdmq3Yej6wE-JN6sixkSBS2DkpsjbX_BFhUBLLd19NWzR995vJZGftw.IARxkHJN5cy-W09fwnBXz6HBPSUjqwZ3dw62BjhTKoQ&dib_tag=se&keywords=laptop&qid=1738436455&sr=8-72&xpid=33P0v7PZbFYE1
"hp victus, amd ryzen 5 5600h, amd radeon rx 6500 graphics, 8gb ddr4, 512gb ssd, ips, 15.6-inch(39.6cm) fhd gaming laptop, enhanced cooling (win 11, office 21, blue, 2.37kg) fb0147ax",3.6,49869,/HP-Graphics-15-6-inch-Backlit-fb0147AX/dp/B0C946F286/ref=sr_1_74?dib=eyJ2IjoiMSJ9.kyQY7M1QLaBx5rVJqEEsOqkLam4xtelQOVl_w63gImJUyPXWiDbVZnSBcF4u99-qdAHKJ8jd9lQZ7eGuWAFOaLsSoaNMilWK2hPENx1CPvobEYFe-U5iP4WunYRZF1FUUrwcFihOfVx6AaZZQjnx0nmEqwojtk7S9y2c0PxDFQrWtsIep2ELhdmq3Yej6wE-JN6sixkSBS2DkpsjbX_BFhUBLLd19NWzR995vJZGftw.IARxkHJN5cy-W09fwnBXz6HBPSUjqwZ3dw62BjhTKoQ&dib_tag=se&keywords=laptop&qid=1738436455&sr=8-74&xpid=33P0v7PZbFYE1
"lenovo ideapad slim 5 12th gen intel core i5 12450h 14"" (35.5cm) wuxga+ ips laptop (16gb/512gb ssd/win 11/office 2021/backlit kb/fhd camera/alexa/3 month game pass/cloud grey/1.46kg), 83bf000uin",3.9,52990,/Lenovo-IdeaPad-12450H-Backlit-83BF000UIN/dp/B0CFF518HZ/ref=sr_1_75?dib=eyJ2IjoiMSJ9.kyQY7M1QLaBx5rVJqEEsOqkLam4xtelQOVl_w63gImJUyPXWiDbVZnSBcF4u99-qdAHKJ8jd9lQZ7eGuWAFOaLsSoaNMilWK2hPENx1CPvobEYFe-U5iP4WunYRZF1FUUrwcFihOfVx6AaZZQjnx0nmEqwojtk7S9y2c0PxDFQrWtsIep2ELhdmq3Yej6wE-JN6sixkSBS2DkpsjbX_BFhUBLLd19NWzR995vJZGftw.IARxkHJN5cy-W09fwnBXz6HBPSUjqwZ3dw62BjhTKoQ&dib_tag=se&keywords=laptop&qid=1738436455&sr=8-75&xpid=33P0v7PZbFYE1
"hp [smart choice omen gaming laptop, amd ryzen 7 7840hs, 8gb rtx 4060 gpu, 16.1""(40.9 cm), fhd, ips, 165 hz, 300 nits, 16gb ddr5, 1tb ssd, rgb kb, 7ms response time (win 11, black, 2.32 kg),xd0020ax",3.9,112990,/Choice-HP-Gaming-Response-xd0020AX/dp/B0CCVZP835/ref=sr_1_76?dib=eyJ2IjoiMSJ9.kyQY7M1QLaBx5rVJqEEsOqkLam4xtelQOVl_w63gImJUyPXWiDbVZnSBcF4u99-qdAHKJ8jd9lQZ7eGuWAFOaLsSoaNMilWK2hPENx1CPvobEYFe-U5iP4WunYRZF1FUUrwcFihOfVx6AaZZQjnx0nmEqwojtk7S9y2c0PxDFQrWtsIep2ELhdmq3Yej6wE-JN6sixkSBS2DkpsjbX_BFhUBLLd19NWzR995vJZGftw.IARxkHJN5cy-W09fwnBXz6HBPSUjqwZ3dw62BjhTKoQ&dib_tag=se&keywords=laptop&qid=1738436455&sr=8-76&xpid=33P0v7PZbFYE1
"hp 15, 13th gen intel core i3-1315u, 8gb ddr4, 512gb ssd, (win 11, office 21, silver, 1.59kg), anti-glare, micro-edge, 15.6-inch(39.6cm), fhd laptop, intel uhd graphics, 1080p fhd camera, fd0186tu",4.1,39649,/HP-Keyboard-15-6-inch-Windows-fd0186TU/dp/B0D2KDCWJL/ref=sr_1_77?dib=eyJ2IjoiMSJ9.kyQY7M1QLaBx5rVJqEEsOqkLam4xtelQOVl_w63gImJUyPXWiDbVZnSBcF4u99-qdAHKJ8jd9lQZ7eGuWAFOaLsSoaNMilWK2hPENx1CPvobEYFe-U5iP4WunYRZF1FUUrwcFihOfVx6AaZZQjnx0nmEqwojtk7S9y2c0PxDFQrWtsIep2ELhdmq3Yej6wE-JN6sixkSBS2DkpsjbX_BFhUBLLd19NWzR995vJZGftw.IARxkHJN5cy-W09fwnBXz6HBPSUjqwZ3dw62BjhTKoQ&dib_tag=se&keywords=laptop&qid=1738436455&sr=8-77&xpid=33P0v7PZbFYE1
"msi modern 14, intel 12th gen. i3 1215u,36cm laptop(8gb/512gb nvme ssd/windows 11 home/uhd graphic/classic black/1.4kg),c12mo-1205in",4.3,29990,/MSI-Windows-Graphic-Classic-C12MO-1205IN/dp/B0D22L96QY/ref=sr_1_78?dib=eyJ2IjoiMSJ9.kyQY7M1QLaBx5rVJqEEsOqkLam4xtelQOVl_w63gImJUyPXWiDbVZnSBcF4u99-qdAHKJ8jd9lQZ7eGuWAFOaLsSoaNMilWK2hPENx1CPvobEYFe-U5iP4WunYRZF1FUUrwcFihOfVx6AaZZQjnx0nmEqwojtk7S9y2c0PxDFQrWtsIep2ELhdmq3Yej6wE-JN6sixkSBS2DkpsjbX_BFhUBLLd19NWzR995vJZGftw.IARxkHJN5cy-W09fwnBXz6HBPSUjqwZ3dw62BjhTKoQ&dib_tag=se&keywords=laptop&qid=1738436455&sr=8-78&xpid=33P0v7PZbFYE1
"dell inspiron 3530 laptop, 13th generation intel core i7-1355u processor, 16gb, 512gb, 15.6"" (39.62cm) fhd 120hz display, backlit kb, windows 11 + mso'21, 15 month mcafee, silver, thin & light-1.62kg",3.9,68790,/Dell-Inspiron-3530-Generation-Light-1-62kg/dp/B0DFCM24S3/ref=sr_1_79?dib=eyJ2IjoiMSJ9.kyQY7M1QLaBx5rVJqEEsOqkLam4xtelQOVl_w63gImJUyPXWiDbVZnSBcF4u99-qdAHKJ8jd9lQZ7eGuWAFOaLsSoaNMilWK2hPENx1CPvobEYFe-U5iP4WunYRZF1FUUrwcFihOfVx6AaZZQjnx0nmEqwojtk7S9y2c0PxDFQrWtsIep2ELhdmq3Yej6wE-JN6sixkSBS2DkpsjbX_BFhUBLLd19NWzR995vJZGftw.IARxkHJN5cy-W09fwnBXz6HBPSUjqwZ3dw62BjhTKoQ&dib_tag=se&keywords=laptop&qid=1738436455&sr=8-79&xpid=33P0v7PZbFYE1
"dell inspiron 15 3530 laptop - powerful 15.6 inch fhd (39.62cm) display, intel core i7-1355u, 16 gb ram, 512 gb ssd, windows 11 home, platinum silver, thin and light, ideal for data mavens",3.9,69490,/Dell-Inspiron-3530-i7-1355U-Processor/dp/B0CJK111K3/ref=sr_1_80?dib=eyJ2IjoiMSJ9.kyQY7M1QLaBx5rVJqEEsOqkLam4xtelQOVl_w63gImJUyPXWiDbVZnSBcF4u99-qdAHKJ8jd9lQZ7eGuWAFOaLsSoaNMilWK2hPENx1CPvobEYFe-U5iP4WunYRZF1FUUrwcFihOfVx6AaZZQjnx0nmEqwojtk7S9y2c0PxDFQrWtsIep2ELhdmq3Yej6wE-JN6sixkSBS2DkpsjbX_BFhUBLLd19NWzR995vJZGftw.IARxkHJN5cy-W09fwnBXz6HBPSUjqwZ3dw62BjhTKoQ&dib_tag=se&keywords=laptop&qid=1738436455&sr=8-80&xpid=33P0v7PZbFYE1
"acer alg gaming laptop 13th gen intel core i7 processor (16gb ddr4/512gb ssd/6gb rtx3050 graphics/144hz/win11home/wifi 6) al15g-53, 39.62cm (15.6"") fhd display, premium metal body, steel gray, 1.99kg",3.6,78990,/Acer-Processor-Graphics-Win11Home-AL15G-53/dp/B0DFHFCS4Y/ref=sr_1_82?dib=eyJ2IjoiMSJ9.uaUIZNb7Kh7m2jWGIUixM43K6t6xbHU0wo9SSvaztGlxvUj6gcoA5sJwoc-ZC9rHPvNrV41pVtWLLWWGkIKfkxld1B34r543cea6vSAf7tk7W93YehojuHFkGUpt64o4kv0PBORBiVab4VZmanf9y9cnCMmZgO_fdQw1R-rrcBIU3w8pS02_OgBs2wPtCqHdiKGmHXUftZlXyRUr7uTUd5BAbUfQl1DEJUQ85sN1HwU.Q81cXXEgW8HsPFUx43MbAZUeAjljI9IP7q4L2sOW5Bo&dib_tag=se&keywords=laptop&qid=1738436509&sr=8-82&xpid=33P0v7PZbFYE1
"lenovo ideapad pro 5 intel evo core ultra 9 185h built-in ai 14"" (35.5cm) 2.8k-oled 400nits 120hz laptop (32gb/1tb ssd/intel arc gpu/win11/mso 21/fhd+ir cam/1yr adp free/grey/1.4kg), 83d2001gin",4.2,105990,/Lenovo-IdeaPad-35-56cm-2-8K-OLED-83D2001GIN/dp/B0CY2LDT1S/ref=sr_1_83?dib=eyJ2IjoiMSJ9.uaUIZNb7Kh7m2jWGIUixM43K6t6xbHU0wo9SSvaztGlxvUj6gcoA5sJwoc-ZC9rHPvNrV41pVtWLLWWGkIKfkxld1B34r543cea6vSAf7tk7W93YehojuHFkGUpt64o4kv0PBORBiVab4VZmanf9y9cnCMmZgO_fdQw1R-rrcBIU3w8pS02_OgBs2wPtCqHdiKGmHXUftZlXyRUr7uTUd5BAbUfQl1DEJUQ85sN1HwU.Q81cXXEgW8HsPFUx43MbAZUeAjljI9IP7q4L2sOW5Bo&dib_tag=se&keywords=laptop&qid=1738436509&sr=8-83&xpid=33P0v7PZbFYE1
"msi sword 16 hx, intel 13th gen. i9-13980hx, 41cm 16:10 fhd+ 144hz gaming laptop(32gb/1tb nvme ssd/windows 11 home/office 2021/nvidia geforce rtx 4060, gddr6 8gb /cosmos gray/2.3kg),13vfkg-652in",4,134990,/MSI-Sword-Intel-13th-i9-13980HX/dp/B0C2P6C35M/ref=sr_1_84?dib=eyJ2IjoiMSJ9.uaUIZNb7Kh7m2jWGIUixM43K6t6xbHU0wo9SSvaztGlxvUj6gcoA5sJwoc-ZC9rHPvNrV41pVtWLLWWGkIKfkxld1B34r543cea6vSAf7tk7W93YehojuHFkGUpt64o4kv0PBORBiVab4VZmanf9y9cnCMmZgO_fdQw1R-rrcBIU3w8pS02_OgBs2wPtCqHdiKGmHXUftZlXyRUr7uTUd5BAbUfQl1DEJUQ85sN1HwU.Q81cXXEgW8HsPFUx43MbAZUeAjljI9IP7q4L2sOW5Bo&dib_tag=se&keywords=laptop&qid=1738436509&sr=8-84&xpid=33P0v7PZbFYE1
"acer aspire lite 13th gen intel core i3-1305u thin and light premium laptop (windows 11 home/8 gb ram/256 gb ssd/36 whr) al15-53 with 39.62cm (15.6"") full hd display, metal body, steel gray, 1.59 kg",0,32990,/Acer-i3-1305U-Premium-Windows-AL15-53/dp/B0DPKWMTG5/ref=sr_1_85?dib=eyJ2IjoiMSJ9.uaUIZNb7Kh7m2jWGIUixM43K6t6xbHU0wo9SSvaztGlxvUj6gcoA5sJwoc-ZC9rHPvNrV41pVtWLLWWGkIKfkxld1B34r543cea6vSAf7tk7W93YehojuHFkGUpt64o4kv0PBORBiVab4VZmanf9y9cnCMmZgO_fdQw1R-rrcBIU3w8pS02_OgBs2wPtCqHdiKGmHXUftZlXyRUr7uTUd5BAbUfQl1DEJUQ85sN1HwU.Q81cXXEgW8HsPFUx43MbAZUeAjljI9IP7q4L2sOW5Bo&dib_tag=se&keywords=laptop&qid=1738436509&sr=8-85&xpid=33P0v7PZbFYE1
"dell alienware m18 r1, windows 11 home, intel core i9-13980hx| nvidia rtx 4090, 16gb|64gb ram|1tb ssd, fhd|window 11|ms office' 21|18.0"" (45.72cm)|dark metallic moon|2.72kg|gaming laptop",4.1,394760,/Dell-Alienware-i9-13980HX-Processor-Metallic/dp/B0C9F1VXCJ/ref=sr_1_88?dib=eyJ2IjoiMSJ9.uaUIZNb7Kh7m2jWGIUixM43K6t6xbHU0wo9SSvaztGlxvUj6gcoA5sJwoc-ZC9rHPvNrV41pVtWLLWWGkIKfkxld1B34r543cea6vSAf7tk7W93YehojuHFkGUpt64o4kv0PBORBiVab4VZmanf9y9cnCMmZgO_fdQw1R-rrcBIU3w8pS02_OgBs2wPtCqHdiKGmHXUftZlXyRUr7uTUd5BAbUfQl1DEJUQ85sN1HwU.Q81cXXEgW8HsPFUx43MbAZUeAjljI9IP7q4L2sOW5Bo&dib_tag=se&keywords=laptop&qid=1738436509&sr=8-88&xpid=33P0v7PZbFYE1
"acer aspire lite 13th gen intel core i5-1334u thin and light premium laptop (windows 11 home/16 gb ram/512gb ssd/36 whr) al15-53 with 39.62cm (15.6"") full hd display, metal body, steel gray, 1.59 kg",0,51990,/Acer-i5-1334U-Premium-Windows-AL15-53/dp/B0DPXCXDJ7/ref=sr_1_89?dib=eyJ2IjoiMSJ9.uaUIZNb7Kh7m2jWGIUixM43K6t6xbHU0wo9SSvaztGlxvUj6gcoA5sJwoc-ZC9rHPvNrV41pVtWLLWWGkIKfkxld1B34r543cea6vSAf7tk7W93YehojuHFkGUpt64o4kv0PBORBiVab4VZmanf9y9cnCMmZgO_fdQw1R-rrcBIU3w8pS02_OgBs2wPtCqHdiKGmHXUftZlXyRUr7uTUd5BAbUfQl1DEJUQ85sN1HwU.Q81cXXEgW8HsPFUx43MbAZUeAjljI9IP7q4L2sOW5Bo&dib_tag=se&keywords=laptop&qid=1738436509&sr=8-89&xpid=33P0v7PZbFYE1
air edu11one notebook/laptop intel n4020 4 gb ram 128 gb ssd with windows 11 red,0,18490,/AIR-EDU11ONE-Notebook-Laptop-Windows/dp/B0D9HGW4V7/ref=sr_1_95?dib=eyJ2IjoiMSJ9.uaUIZNb7Kh7m2jWGIUixM43K6t6xbHU0wo9SSvaztGlxvUj6gcoA5sJwoc-ZC9rHPvNrV41pVtWLLWWGkIKfkxld1B34r543cea6vSAf7tk7W93YehojuHFkGUpt64o4kv0PBORBiVab4VZmanf9y9cnCMmZgO_fdQw1R-rrcBIU3w8pS02_OgBs2wPtCqHdiKGmHXUftZlXyRUr7uTUd5BAbUfQl1DEJUQ85sN1HwU.Q81cXXEgW8HsPFUx43MbAZUeAjljI9IP7q4L2sOW5Bo&dib_tag=se&keywords=laptop&qid=1738436509&sr=8-95&xpid=33P0v7PZbFYE1
"acer aspirelite 13th gen intel core i5-1334u thin and light premium laptop (windows 11 home/16 gb ram/512gb ssd/ms office) al15-53 with 39.62cm (15.6"") full hd display,metal body,steel gray,1.59 kg",0,53990,/sspa/click?ie=UTF8&spc=MTo4NTg4ODE4OTEwNzQyMzE1OjE3Mzg0MzY1MzM6c3BfYnRmOjMwMDQ1OTQxOTYxMjgzMjo6MDo6&url=%2FAcer-AspireLite-i5-1334U-Premium-AL15-53%2Fdp%2FB0DPXBHF8H%2Fref%3Dsr_1_85_sspa%3Fdib%3DeyJ2IjoiMSJ9.kyQY7M1QLaBx5rVJqEEsOqkLam4xtelQOVl_w63gImJUyPXWiDbVZnSBcF4u99-qdAHKJ8jd9lQZ7eGuWAFOaLsSoaNMilWK2hPENx1CPvobEYFe-U5iP4WunYRZF1FUUrwcFihOfVx6AaZZQjnx0nmEqwojtk7S9y2c0PxDFQrWtsIep2ELhdmq3Yej6wE-JN6sixkSBS2DkpsjbX_BFhUBLLd19NWzR995vJZGftw.IARxkHJN5cy-W09fwnBXz6HBPSUjqwZ3dw62BjhTKoQ%26dib_tag%3Dse%26keywords%3Dlaptop%26qid%3D1738436533%26sr%3D8-85-spons%26xpid%3D33P0v7PZbFYE1%26sp_csd%3Dd2lkZ2V0TmFtZT1zcF9idGY%26psc%3D1
"lenovo yoga slim 7 snapdragon x elite x1e built in-ai with copilot+ 14""(35.5cm) 3k oled 500nits touchscreen laptop (32gb/1tb ssd/90hz/qualcomm npu 45tops/win11/mso/1yr adp free/cosmic blue/1.4kg)",0,140190,/Lenovo-Snapdragon-Copilot-Touchscreen-Qualcomm/dp/B0DBLDNJP1/ref=sr_1_99?dib=eyJ2IjoiMSJ9.G5ai6-MEzSAMkhJO9qykiU5V13eEsLEaj3dZBhe9DnsXsglQzS6-iQS6ePkUXZBuGQVVCOP8E7gVi9CnNu9OzW9lLg3e2XTuUDfO8KOuhztFZs7C-bkJECsF_gxN1Ft4SHMec38OdP8SkloaG80H4ySPmH8zzZyEIcfdeVYJPUD2eUKSou28J72F7kJImi7tKgAP5MgVbPeojMB0L9Hvoz301yn_8QNe9RJIfpPa2SE.81Dm1PScjf8MNLyD0s250htzDbC0mdglBt3jod_-Trs&dib_tag=se&keywords=laptop&qid=1738436558&sr=8-99&xpid=33P0v7PZbFYE1
"dell inspiron 3530 laptop, 13th gen intel core i5-1334u processor, 16gb, 512gb ssd, 15.6""(39.62cm) fhd 120hz 250 nits, backlit kb, windows 11 + mso'21 & 15 month mcafee, silver, thin & light- 1.62kg",3.7,57490,/sspa/click?ie=UTF8&spc=MTo3ODk4MTU3ODY3OTQ0NjMzOjE3Mzg0MzY2MDk6c3BfYXRmX25leHQ6MzAwMzg1MDE1MTc0MzMyOjowOjo&url=%2FDell-Inspiron-i5-1334U-Processor-39-62cm%2Fdp%2FB0D2Y1BLDT%2Fref%3Dsr_1_113_sspa%3Fdib%3DeyJ2IjoiMSJ9.nzPAVK7oD8KD-epii8raqyq0mwa9y94BLInw_KeszUp3hVeWUKOwnuHGIpRQqczcv51vBLg5v2atU-QsjOa1QEAlWyTdmHgHXRg1vDswIq3f8UW-LNldpq7FOoNAF6IjEAPdRvyQL44ftDuH81cILJgNnXu36EtlXivBbheoOUGh6NNiNiFs3GHvlCrR9rYS2uCVMIleUyEHfw2W08dHuMUxhbdjbSLDbYtDJtfObSo.xJCX3It_2IpBX7io4LHwYYFPMx17FS9XMkdgpllwTe4%26dib_tag%3Dse%26keywords%3Dlaptop%26qid%3D1738436609%26sr%3D8-113-spons%26xpid%3D33P0v7PZbFYE1%26sp_csd%3Dd2lkZ2V0TmFtZT1zcF9hdGZfbmV4dA%26psc%3D1
"acer aspire lite 13th gen intel core i3-1305u thin and light premium laptop (windows 11 home/8 gb ram/512gb ssd/36 whr) al15-53 with 39.62cm (15.6"") full hd display, metal body, steel gray, 1.59 kg",3.8,33990,/sspa/click?ie=UTF8&spc=MTo3ODk4MTU3ODY3OTQ0NjMzOjE3Mzg0MzY2MDk6c3BfbXRmOjMwMDI4MDMxNDIxMDgzMjo6MDo6&url=%2FAcer-i3-1305U-Premium-Windows-AL15-53%2Fdp%2FB0DB1SDB87%2Fref%3Dsr_1_123_sspa%3Fdib%3DeyJ2IjoiMSJ9.nzPAVK7oD8KD-epii8raqyq0mwa9y94BLInw_KeszUp3hVeWUKOwnuHGIpRQqczcv51vBLg5v2atU-QsjOa1QEAlWyTdmHgHXRg1vDswIq3f8UW-LNldpq7FOoNAF6IjEAPdRvyQL44ftDuH81cILJgNnXu36EtlXivBbheoOUGh6NNiNiFs3GHvlCrR9rYS2uCVMIleUyEHfw2W08dHuMUxhbdjbSLDbYtDJtfObSo.xJCX3It_2IpBX7io4LHwYYFPMx17FS9XMkdgpllwTe4%26dib_tag%3Dse%26keywords%3Dlaptop%26qid%3D1738436609%26sr%3D8-123-spons%26xpid%3D33P0v7PZbFYE1%26sp_csd%3Dd2lkZ2V0TmFtZT1zcF9tdGY%26psc%3D1
"asus vivobook go 15 (2023), amd ryzen 5 7520u, 15.6"" (39.62 cm) fhd, thin & light laptop (16gb/512gb ssd/windows 11/office 2021/alexa built-in/mixed black/1.63 kg), e1504fa-nj542ws",4,41990,/sspa/click?ie=UTF8&spc=MTo3ODk4MTU3ODY3OTQ0NjMzOjE3Mzg0MzY2MDk6c3BfYnRmOjMwMDI0ODE1Mzk1NDAzMjo6MDo6&url=%2FASUS-Vivobook-Laptop-Windows-E1504FA-NJ542WS%2Fdp%2FB0BTWF2BQX%2Fref%3Dsr_1_134_sspa%3Fdib%3DeyJ2IjoiMSJ9.nzPAVK7oD8KD-epii8raqyq0mwa9y94BLInw_KeszUp3hVeWUKOwnuHGIpRQqczcv51vBLg5v2atU-QsjOa1QEAlWyTdmHgHXRg1vDswIq3f8UW-LNldpq7FOoNAF6IjEAPdRvyQL44ftDuH81cILJgNnXu36EtlXivBbheoOUGh6NNiNiFs3GHvlCrR9rYS2uCVMIleUyEHfw2W08dHuMUxhbdjbSLDbYtDJtfObSo.xJCX3It_2IpBX7io4LHwYYFPMx17FS9XMkdgpllwTe4%26dib_tag%3Dse%26keywords%3Dlaptop%26qid%3D1738436609%26sr%3D8-134-spons%26xpid%3D33P0v7PZbFYE1%26sp_csd%3Dd2lkZ2V0TmFtZT1zcF9idGY%26psc%3D1
"ant esports gp115 wired gamepad, compatible for pc & laptop computer (all windows systems) / ps3 / android tv set/media box - black",4,709,/Ant-Esports-Gamepad-Compatible-Computer/dp/B0C7V2F2QY/ref=sr_1_201?dib=eyJ2IjoiMSJ9.xtDTJJimkagFK3p8SOvajY1rhApn488u3SrpK0hKy_UE_c6uIKZ7fpFK_KuJAsahikXhHeOD2d0pJe-1OSqTXghHM49Sb3SQBrqEuZX0aVFI8Ikv_Ea30F6GqPp6omEVjymlTHKbg3dPOQF1RonqDQQERkf_BMX0bag4_vpau6RXIyroF6aYgqIw3sCbaiQmRXipfmMqOpEbMPoHliva_RVZRUjCp4uuh7cwN0_7iqU.w2iJdEZexXoY0oEqTmtLCSIv9b8aDVa3ceDEjNxk-Yg&dib_tag=se&keywords=laptop&qid=1738436870&sr=8-201&xpid=33P0v7PZbFYE1
"lapster caddy for ssd and hdd, optical bay 2nd hard drive caddy, caddy 9.5mm for laptop",4,199,/Lapster-Caddy-Optical-Drive-Laptop/dp/B0BDS8MY8J/ref=sr_1_221?dib=eyJ2IjoiMSJ9.6UNicO6rtBShsYskK_MK2TcS4_9aNp6Yj10f6wDBLh9u-l3ssGv4IOCm3LlhINH7Yf1kZViEna1FM4W0JAgG3_t-sIgoAs6P5jGu_4NL5hVevRzF9rJb2kV7naY9ijOK_8Oju8BU4AlJqWpX2EMMc9jaDdAUcp5Xqy0TtoWA3VYD8ZWofNU50GCfwE6o1VtTz4G4hRrGtauT14NwRj8M0SnrwIo8gKSlGd4omIwMP3A.t_WR12q0A4CGKQv1joZzz56M-OLKASfzpxIw-71HqwU&dib_tag=se&keywords=laptop&qid=1738436930&sr=8-221&xpid=33P0v7PZbFYE1
"hp laptop 255 g9 (2024), amd athlon silver 3050u - (8gb/256gb ssd/amd radeon graphics/windows 11) thin and light business laptop/15.6"" (39.62cm)/black/1.47 kg/ms office 2021",3.4,23450,/HP-Laptop-255-Athlon-Silver/dp/B0DJCTPW2L/ref=sr_1_268?dib=eyJ2IjoiMSJ9.WNN2K_f4aooH_VNdmNPhpvP1UFTKveSWUTcT5l9SIhFfkQM2gGhsNL5nWiZKSG579h1eSszfTZYXsCqrWnUMhYrbx8Ic4hjilmpRMkLpUAhHFcRN2uojKtzQ36WnjInw_8QYIhbKDpMUcuze-aCNAraH6Jrzhqr0JkbaZom4SI1m1YW_93UTNSJhvftdG0ZSHeFenz5XzdQTDJsIbWW6U5QW4ZN2qV7WHybQRY4Ye3Q.DLdJTeomCWZO6ipM6pHSRSJh0w-pFAgc0MBueJBrl3Q&dib_tag=se&keywords=laptop&qid=1738437088&sr=8-268&xpid=33P0v7PZbFYE1
"asus tuf gaming a15, 15.6"" (39.62cm) fhd 16:9 144hz, amd ryzen 7 7435hs, gaming laptop (16 ddr5/512gb ssd/nvidia geforce rtx 2050/windows 11 home/graphite black/2.30 kg), fa506nfr-hn045w",4,58990,/ASUS-Gaming-15-6-39-62cm-FA506NFR-HN045W/dp/B0CDQ5CW9V/ref=sr_1_269?dib=eyJ2IjoiMSJ9.WNN2K_f4aooH_VNdmNPhpvP1UFTKveSWUTcT5l9SIhFfkQM2gGhsNL5nWiZKSG579h1eSszfTZYXsCqrWnUMhYrbx8Ic4hjilmpRMkLpUAhHFcRN2uojKtzQ36WnjInw_8QYIhbKDpMUcuze-aCNAraH6Jrzhqr0JkbaZom4SI1m1YW_93UTNSJhvftdG0ZSHeFenz5XzdQTDJsIbWW6U5QW4ZN2qV7WHybQRY4Ye3Q.DLdJTeomCWZO6ipM6pHSRSJh0w-pFAgc0MBueJBrl3Q&dib_tag=se&keywords=laptop&qid=1738437088&sr=8-269&xpid=33P0v7PZbFYE1
"lenovo v15 g4 (2024), amd ryzen 3 7320u quad core - (8gb/512gb ssd/amd radeon graphics/windows 11 pro) thin and light business laptop/15.6"" fhd display/arctic grey/1.57 kg/ms office 2021",3.4,27790,/Lenovo-V15-Ryzen-7320U-Quad/dp/B0DHFSN5M7/ref=sr_1_274?dib=eyJ2IjoiMSJ9.YfxUJk8TFvwbkQCYE0TFYrp1ZoEJ5cABqi-ZpUqdFkW2GW1s7PYqnfldQqwi8DsTN8jjOTv3TQ6ZWH0_axyAaGvehVuyVEVwRWioZwJddgzVM44ZoGauRd5AHFmBkZjqnw7iYKETvGWA2-KYK7oSrjjxlhr6ZCv9_w6UlDTcX4h8t7MoHDC-nwEs7ESueb-wPtJV_v3C8HHGNBo_CfThnvltgdfpn0nCP6eb1Dx_ieA.Y4JJIAFwJiqs8cihcf3uffB_2H0yzt_LSxmPySLiqJ0&dib_tag=se&keywords=laptop&qid=1738437142&sr=8-274&xpid=33P0v7PZbFYE1
"hp victus windows 11 home gaming laptop,amd ryzen 7 7840hs ai powered,6gb rtx 3050 gpu,16.1-inch (40.9 cm),95w tgp,fhd,ips,144hz,16gb ddr5,1tb ssd,rgb backlit kb,b&o (mso,blue,2.29 kg),s0089ax",3.9,80990,/HP-Powered-16-1-inch-Backlit-s0089AX/dp/B0CNR7KRSC/ref=sr_1_279?dib=eyJ2IjoiMSJ9.YfxUJk8TFvwbkQCYE0TFYrp1ZoEJ5cABqi-ZpUqdFkW2GW1s7PYqnfldQqwi8DsTN8jjOTv3TQ6ZWH0_axyAaGvehVuyVEVwRWioZwJddgzVM44ZoGauRd5AHFmBkZjqnw7iYKETvGWA2-KYK7oSrjjxlhr6ZCv9_w6UlDTcX4h8t7MoHDC-nwEs7ESueb-wPtJV_v3C8HHGNBo_CfThnvltgdfpn0nCP6eb1Dx_ieA.Y4JJIAFwJiqs8cihcf3uffB_2H0yzt_LSxmPySLiqJ0&dib_tag=se&keywords=laptop&qid=1738437142&sr=8-279&xpid=33P0v7PZbFYE1
"lenovo latest launched v15 (2024) 15.6"" fhd anti-glare laptop, intel celeron n4500, 8gb ddr4 ram, 256 nvme ssd, intel uhd graphics, wi-fi, bluetooth, windows 11, black,1 year warranty",3.2,0,/Lenovo-Launched-V15-Anti-Glare-Bluetooth/dp/B0CVTJSWV1/ref=sr_1_280?dib=eyJ2IjoiMSJ9.YfxUJk8TFvwbkQCYE0TFYrp1ZoEJ5cABqi-ZpUqdFkW2GW1s7PYqnfldQqwi8DsTN8jjOTv3TQ6ZWH0_axyAaGvehVuyVEVwRWioZwJddgzVM44ZoGauRd5AHFmBkZjqnw7iYKETvGWA2-KYK7oSrjjxlhr6ZCv9_w6UlDTcX4h8t7MoHDC-nwEs7ESueb-wPtJV_v3C8HHGNBo_CfThnvltgdfpn0nCP6eb1Dx_ieA.Y4JJIAFwJiqs8cihcf3uffB_2H0yzt_LSxmPySLiqJ0&dib_tag=se&keywords=laptop&qid=1738437142&sr=8-280&xpid=33P0v7PZbFYE1
"dell [smartchoice] alienware m16 r2 gaming laptop,intel ultra 9 185h,32gb ddr5,1tb ssd,nvidia rtx 4070 8 gb gddr6,16"" (40.6cm) qhd+ 240hz,nvidia g-sync +alienfx rgb backlit kb,dark metallic,2.61kg",3.1,215490,/Dell-Smartchoice-Alienware-Alienfx-Metallic/dp/B0CYLXD4K5/ref=sr_1_286?dib=eyJ2IjoiMSJ9.YfxUJk8TFvwbkQCYE0TFYrp1ZoEJ5cABqi-ZpUqdFkW2GW1s7PYqnfldQqwi8DsTN8jjOTv3TQ6ZWH0_axyAaGvehVuyVEVwRWioZwJddgzVM44ZoGauRd5AHFmBkZjqnw7iYKETvGWA2-KYK7oSrjjxlhr6ZCv9_w6UlDTcX4h8t7MoHDC-nwEs7ESueb-wPtJV_v3C8HHGNBo_CfThnvltgdfpn0nCP6eb1Dx_ieA.Y4JJIAFwJiqs8cihcf3uffB_2H0yzt_LSxmPySLiqJ0&dib_tag=se&keywords=laptop&qid=1738437142&sr=8-286&xpid=33P0v7PZbFYE1
"acer aspire lite 12th gen intel core i3-1215u premium metal laptop (windows 11 home/16 gb ram/512gb ssd) al15-52, 39.62cm (15.6"") full hd display, metal body, steel gray, 1.59 kg",3.9,33990,/Acer-i3-1215U-Premium-Windows-AL15-52/dp/B0CM6GVR56/ref=sr_1_290?dib=eyJ2IjoiMSJ9.uOPwr0-ugIoHaAFOMttf66X-5mkYSW13sv0asqNG5Fj8dUTDr4lfZPOneTzEwouiuSIgET3O5TvxnQTrVH450SCZiStXk-fIUp0UXkmLq-dZBXyiUR8yWVXnTrTzAtNmOi6I30KpBcCRHUnmZgUtCgJuGneYCDpIs8fz0qtk6Ph8hofjfJ77Zd_96kQUTK8q2Vutl3zBVr-zKl9d2BV_7GAWy31BG4UqYfYb5YLZt7w.9pzmXQ_Knx07hwE-v9RhJEVJGvPMR_nfLaEIc5C-x38&dib_tag=se&keywords=laptop&qid=1738437155&sr=8-290&xpid=33P0v7PZbFYE1
"asus tuf gaming a15, 15.6"" fhd 16:9 144hz 250nits, amd ryzen 5 7535hs processor, gaming laptop (16gb ram/512gb ssd/nvidia geforce rtx 3050/windows 11/office 2021/graphite black/2.3 kg),fa566nc-hn083ws",4,59990,/ASUS-TUF-Gaming-15-6-FA566NC-HN083WS/dp/B0DBLYRKVJ/ref=sr_1_304?dib=eyJ2IjoiMSJ9.uOPwr0-ugIoHaAFOMttf66X-5mkYSW13sv0asqNG5Fj8dUTDr4lfZPOneTzEwouiuSIgET3O5TvxnQTrVH450SCZiStXk-fIUp0UXkmLq-dZBXyiUR8yWVXnTrTzAtNmOi6I30KpBcCRHUnmZgUtCgJuGneYCDpIs8fz0qtk6Ph8hofjfJ77Zd_96kQUTK8q2Vutl3zBVr-zKl9d2BV_7GAWy31BG4UqYfYb5YLZt7w.9pzmXQ_Knx07hwE-v9RhJEVJGvPMR_nfLaEIc5C-x38&dib_tag=se&keywords=laptop&qid=1738437155&sr=8-304&xpid=33P0v7PZbFYE1